DFS ID,Name,Pos,Order,Team,Opp,Status,Salary,Actual,SS Proj,Live Proj,My Proj,Value,My Own,Adj Own,Min Exp,Max Exp,Saber Team,Saber Total,dk_points,dk_25_percentile,dk_50_percentile,dk_75_percentile,dk_85_percentile,dk_95_percentile,dk_99_percentile,fd_points,fd_25_percentile,fd_50_percentile,fd_75_percentile,fd_85_percentile,fd_95_percentile,fd_99_percentile,yahoo_points,yahoo_25_percentile,yahoo_50_percentile,yahoo_75_percentile,yahoo_85_percentile,yahoo_95_percentile,yahoo_99_percentile,ob_points,ob_25_percentile,ob_50_percentile,ob_75_percentile,ob_85_percentile,ob_95_percentile,ob_99_percentile,dk_std,fd_std,yahoo_std,ob_std,1B,2B,3B,HR,SB,CS,R,RBI,K,BB,PA,H,ER,IP,W,QS,CG,CGSO,Pitches
43292076,Chase Burns,P,,CIN,NYM,Confirmed,11000,0,19.29,,19.29,1.7536363636363634,31.74,34.48712379424013,0,100,4.6634,8.966000000000001,19.2866,11.9,19.65,27.25,31.1,36.8,42.2005,33.9552,23,34,45,52,60,68,21.4709,13.2,21.8,30.4,34.5,40.6,46.4,29.489,19,30,40.5,46,54,62,10.9268,15.9216,12.0877,15.4325,2.71672,0.85876,0.12876,0.75496,0,0,2.48876,0,6.95544,2.26544,23.2761,4.4592,2.29584,5.627,0.33072,0.27776,0.00472,0.0024,93.2518
43292078,Shota Imanaga,P,,CHC,COL,Confirmed,8500,0,17.55,,17.55,2.064705882352941,35.19,39.12387753555255,0,100,5.7586,9.8432,17.5542,10.3875,18.1,25.25,28.5,33.9025,39.601,31.2756,20,32,42,48,55,63.01,19.9276,11.9,20.6,28.5,32.2,38.105,43.506,26.7219,16.5,27.5,37.5,42.5,49.5,57.5,10.5848,15.4707,11.7101,14.9171,3.24704,0.93364,0.20584,0.73856,0,0,2.51784,0,5.64624,1.379,23.5985,5.1250800000000005,2.32716,5.80719,0.4304,0.3286,0.00772,0.00424,94.0486
43292081,MacKenzie Gore,P,,TEX,MIN,Confirmed,7800,0,17.51,,17.51,2.244871794871795,34.46,38.70305689661149,0,100,4.5866,8.624600000000001,17.5133,9.9,17.5,25.1125,28.75,33.95,39.6505,30.9453,20,30,42,48,56,64,19.6343,11.075,19.7,28.325,32.3,37.6,44.4,26.8045,16,27,37.5,42.5,50,58.5,10.5426,15.2902,11.7081,14.8979,2.80327,0.853,0.152733,0.578933,0,0,2.2812,0,6.05687,2.03407,22.2767,4.387936,2.1088,5.40511,0.325667,0.232933,0.0018,0.000666667,92.1016
43292084,Dustin May,P,,STL,SD,Confirmed,7300,0,15.16,,15.16,2.0767123287671234,29.5,33.1144495742474,0,100,4.7374,8.9658,15.1641,7.9,15.6,22.7,26.15,31.5,37,28.3122,17,29,40,45,52,60,17.3792,9.3,17.9,25.7,29.6,35.5,41.2,23.3457,13,24,34,39,46,53.5,10.4597,15.2136,11.6038,14.6403,3.6248,1.00148,0.15192,0.5472,0,0,2.58256,0,4.75048,1.851,24.4239,5.325399999999999,2.38516,5.89549,0.3552,0.34964,0.01396,0.00676,91.4686
43292549,Kai-Wei Teng,P,,HOU,DET,Confirmed,7000,0,13.68,,13.68,1.9542857142857144,19.66,20.787215610114263,0,100,4.6314,9.278400000000001,13.6822,6.8,13.65,20.9625,24.5,29.9025,35.751,25.4383,15,25,36,41,49,58,15.3402,7.7,15.6,23.5,27.4,33.4,39.605,21.4196,11.5,21.5,32,36.5,44.5,52.5,10.156,14.4099,11.3028,14.3202,2.89848,0.78668,0.1014,0.60572,0,0,2.59056,0,5.21256,2.53244,21.5123,4.39228,2.397,4.98539,0.24628,0.13944,0.00084,0.00048,85.8473
43292087,Ryne Nelson,P,,ARI,LAA,Confirmed,6500,0,13.21,,13.21,2.032307692307693,19.96,21.276619063581204,0,100,4.9164,9.5328,13.2071,6,13.3,20.9125,24.35,29.7025,35.551,25.3076,15,25,36,42,50,58,15.0831,6.9,15.4,23.7,27.515,33.5,39.5,20.6814,10.5,21,31.5,36.5,44,51.5,10.4337,15.0712,11.6334,14.6743,3.30208,1.16588,0.41716,0.64144,0,0,2.93512,0,4.78708,1.79648,23.254,5.52656,2.71164,5.44879,0.29416,0.24248,0.00368,0.00176,91.5778
43292085,Jared Jones,P,,PIT,ATH,Confirmed,7000,0,11.4,,11.4,1.6285714285714286,7.3,6.3506201302207055,0,100,5.2594,10.499600000000001,11.3993,4.6375,11.6,19,22.75,28.2025,33.35,22.1609,12,22,33,38,46,55,12.9544,5.5,13.4,21.5,25.5,31.5,37.4,18.0971,8.5,18.5,29,34,41.5,49,10.2544,14.4317,11.4303,14.4348,2.95592,1.07364,0.11032,0.84624,0,0,3.04092,0,4.59036,2.142,21.5378,4.98612,2.80912,4.92935,0.2548,0.12508,0.0012,0.0002,82.357
43292082,J.T. Ginn,P,,ATH,PIT,Confirmed,7700,0,11.34,,11.34,1.4727272727272727,5.39,4.379357499662136,0,100,5.2402,10.499600000000001,11.3384,4.2875,11.5,18.8,22.5,28,33.4505,22.4722,12,22,33,39,47,55,12.8615,5,12.9,21.325,25.115,31.5,37.4,18.1193,8,18,28.5,34,41.5,49.5,10.3685,14.7038,11.5471,14.6122,3.34136,1.09404,0.15032,0.67092,0,0,2.9812,0,4.49712,2.25996,22.2095,5.256639999999999,2.75948,5.04224,0.25612,0.14896,0.00104,0.0004,88.4318
43292092,Shohei Ohtani,1B/OF,1,LAD,TB,Confirmed,6500,0,11.16,,11.16,1.716923076923077,21.62,28.26396686720087,0,100,5.3588,9.7982,11.1617,4,9,17,21,28,37,14.806,6,12.2,21.7,27.9,37.7,50.4,11.193,4.5,9,16.8,20.6,28.4,37.4,12.1225,3.5,9,19,23.5,33,44.005,8.96454,12.0964,8.92766,10.7933,0.5954,0.20108,0.05452,0.29764,0.13216,0.02428,0.8194,0.69804,0.86332,0.63092,4.5206,1.14864,0,0,0,0,0,0,0
43292079,Walbert Urena,P,,LAA,ARI,Confirmed,8300,0,11.08,,11.08,1.3349397590361445,2.05,1.3583057645285088,0,100,4.6164,9.5328,11.0841,4.25,11.1,18.1,21.9,26.9025,33.0005,21.9814,12,21,32,37,46,55,12.6039,4.9,12.7,20.6,24.6,30.4,36.7,17.7022,8,17.5,27.5,33,40,49,10.0833,14.2855,11.2485,14.1888,2.7558,0.91136,0.37884,0.47064,0,0,2.80504,0,4.22544,2.87732,21.9579,4.516640000000001,2.5858,4.99327,0.24984,0.14592,0.00232,0.00048,87.0745
43292105,Pete Crow-Armstrong,OF,1,CHC,COL,Confirmed,5300,0,10.75,,10.75,2.028301886792453,23.19,31.756387568022667,0,100,5.7586,9.8432,10.7485,3,9,16,20,28,37,14.0756,3.5,12.2,21.7,25.7,37.1,49.602,10.5116,2.6,9,16.1,19.4,27.4,36.4,11.4202,3,9,17.5,22.5,31.5,43,8.96338,11.9898,8.78961,10.5561,0.66672,0.22396,0.05224,0.23036,0.24128,0.03708,0.7522,0.69624,0.96624,0.40188,4.66004,1.1732799999999999,0,0,0,0,0,0,0
43292090,Eric Lauer,P,,LAD,TB,Confirmed,5800,0,10.43,,10.43,1.7982758620689654,8.45,7.5709836049534145,0,100,5.3588,9.7982,10.4321,4.05,10.45,17.05,20.35,25.1,30.1505,20.2856,11,20,30,35,42,49,12.3047,5.1,12.5,19.6,23.5,28.6,34.301,16.3377,7.5,16.5,25.5,30.5,37,44,9.23145,13.1707,10.3496,12.9522,3.1304,0.9888,0.15432,0.76348,0,0,2.64388,0,3.2182,1.51328,21.5306,5.037000000000001,2.44388,5.12665,0.31784,0.16892,0.0018,0.00096,84.375
43292095,Yordan Alvarez,OF,2,HOU,DET,Confirmed,6200,0,9.99,,9.99,1.6112903225806452,10.12,11.460408346945997,0,100,4.6314,9.278400000000001,9.98636,3,8,16,19,26,35,13.2786,3.5,9.5,21.4,25.2,34.7,47.1,10.0166,2.6,7.1,15.4,18.7,25.515,34.8,10.9713,3,8,17,22,30,42,8.36009,11.3431,8.33353,10.1328,0.6556,0.18948,0.02308,0.25172,0.0652,0.01264,0.75744,0.67484,0.65616,0.58988,4.42152,1.11988,0,0,0,0,0,0,0
43292097,Shea Langeliers,C,2,ATH,PIT,Confirmed,6000,0,9.95,,9.95,1.6583333333333332,14.19,17.52439167964983,0,100,5.2402,10.499600000000001,9.95096,3,7,16,19,27,36,13.1959,3,9.2,21.4,25.2,36.9,50.1,9.8811,2.6,7.1,15.4,18.7,26.51,36.403,10.9282,2.5,7.5,17,22.5,31.5,44,8.75853,11.9312,8.72179,10.6881,0.65668,0.24312,0.01728,0.25196,0.06244,0.01124,0.74512,0.74312,0.91304,0.4094,4.54928,1.16904,0,0,0,0,0,0,0
43292094,Nick Kurtz,1B,1,ATH,PIT,Confirmed,6300,0,9.83,,9.83,1.5603174603174603,10.07,11.012578514192548,0,100,5.2402,10.499600000000001,9.8346,4,7,15,19,25,36,13.3345,6,9.5,19,25.2,34.7,47.6,10.1154,4.5,7.8,14.9,18.7,25.8,35.5,10.3558,2.5,7.5,16.5,21.5,29.5,42,8.32021,11.3325,8.3543,10.1305,0.45632,0.19004,0.02708,0.24228,0.0668,0.01068,0.7874,0.60588,1.41784,0.87772,4.62696,0.9157200000000001,0,0,0,0,0,0,0
43292096,Juan Soto,OF,3,NYM,CIN,Confirmed,6100,0,9.74,,9.74,1.59672131147541,7.42,7.835909560849505,0,100,4.3026,8.966000000000001,9.73548,3,7,15.25,19,26,36,13.0415,3,9.2,21.2,25.2,35.21,49.902,9.90045,2.6,7.1,15.5,19.4,26.5,36,10.4349,2.5,7,17,22,30.525,42.5,8.55524,11.6177,8.53947,10.3436,0.51676,0.16564,0.02372,0.2492,0.11404,0.01632,0.6294,0.65156,1.01912,0.77156,4.436,0.95532,0,0,0,0,0,0,0
43292123,Michael Busch,1B,3,CHC,COL,Confirmed,4800,0,9.7,,9.7,2.020833333333333,16.03,19.629036826024514,0,100,5.7586,9.8432,9.69736,3,7,15,19,25,35,12.9632,3.2,9.5,18.9,25.2,34.4,47.4,9.73231,2.6,7.1,14.2,18.7,25.2,34.8,10.5265,3,7.5,16.5,22,30,42,8.2617,11.2326,8.21797,10.0352,0.59804,0.19692,0.04588,0.21256,0.07424,0.01204,0.7222,0.70368,0.91228,0.60152,4.43096,1.0534000000000001,0,0,0,0,0,0,0
43292100,Junior Caminero,3B,3,TB,LAD,,5700,0,9.64,,9.64,1.6912280701754387,8.83,9.554535170970734,0,100,4.4394,9.7982,9.6446,3,7,15,19,26,36.01,12.7342,3,9.2,19.2,25.2,35.4,49.9,9.57348,2.6,7.1,14.9,18.7,26.405,36.7,10.6964,2.5,7.5,17,22,31.5,43,8.76684,11.9107,8.72881,10.6304,0.62588,0.18436,0.01808,0.27248,0.091,0.01496,0.61728,0.73476,0.6488,0.40832,4.48464,1.1008,0,0,0,0,0,0,0
43292099,Corbin Carroll,OF,3,ARI,LAA,Confirmed,5800,0,9.63,,9.63,1.660344827586207,9.59,10.714288291586332,0,100,4.9164,9.5328,9.634,3,8,14,18,26,34,12.8637,3,9.5,18.9,24.9,34.4,46.902,9.63682,2.6,7.8,14.2,18.4,25.1,34.1,10.1444,2.5,7.5,16,20.5,29,40,8.25523,11.1018,8.1125,9.72609,0.46156,0.16924,0.10732,0.14676,0.22056,0.02768,0.63504,0.64988,0.92272,0.70216,4.39916,0.88488,0,0,0,0,0,0,0
43292103,Brandon Lowe,2B,2,PIT,ATH,Confirmed,5400,0,9.6,,9.6,1.7777777777777777,15.14,19.169737754587956,0,100,5.2594,10.499600000000001,9.59752,3,7,15,19,26,37,12.8374,3,9.2,18.9,25.2,35.2,50.4,9.65475,2.6,7.1,14.2,18.7,26.5,36.7,10.3189,2,7,16.5,22,31,43.5,8.66555,11.8161,8.65127,10.5505,0.57012,0.20744,0.029,0.23304,0.06236,0.01068,0.725,0.68424,1.18476,0.57864,4.7068,1.0396,0,0,0,0,0,0,0
43292102,Mike Trout,OF,2,LAA,ARI,Confirmed,5500,0,9.43,,9.43,1.7145454545454546,8.12,8.742636047689217,0,100,4.6164,9.5328,9.43484,3,7,14,18,26,35,12.4926,3,9.2,18.7,24.9,34.6,47.4,9.47381,2.6,7.1,14.2,18.7,25.8,34.8,10.0608,2.5,7,16,21,29.5,42,8.36127,11.271,8.32709,10.0725,0.543,0.19736,0.07832,0.2066,0.08568,0.01328,0.67456,0.59852,1.12504,0.57596,4.6056,1.02528,0,0,0,0,0,0,0
43292107,Yandy Diaz,1B/3B,1,TB,LAD,,5200,0,9.37,,9.37,1.8019230769230767,12.12,13.983006076788502,0,100,4.4394,9.7982,9.36988,3,7,14,18,25,35,12.2269,3,9.2,18.7,24.7,34.2,47.1,9.26324,2.6,7.1,14.2,18.06,25.1,35.201,10.3367,2.5,7.5,16.5,21,29,42,8.30346,11.1753,8.26403,9.96826,0.72096,0.23404,0.0226,0.2236,0.06248,0.00996,0.66812,0.60656,0.54232,0.37912,4.6116,1.2012,0,0,0,0,0,0,0
43292146,Ian Happ,OF,5,CHC,COL,Confirmed,4200,0,9.29,,9.29,2.2119047619047616,17.49,22.332026301440717,0,100,5.7586,9.8432,9.29176,3,7,14,18,25,34.01,12.4868,3,9.2,18.7,24.9,34.4,47.3,9.35214,2.6,7.1,14.2,18,25.1,34.104,10.017,2.5,7,16,21,29,41.5,8.17312,11.1538,8.12781,9.97841,0.53976,0.17608,0.03632,0.21184,0.08168,0.0128,0.66104,0.71536,1.06336,0.61096,4.24204,0.9640000000000001,0,0,0,0,0,0,0
43292133,Seiya Suzuki,OF,4,CHC,COL,Confirmed,4500,0,9.18,,9.18,2.04,16.21,20.35103460591416,0,100,5.7586,9.8432,9.18372,3,7,14,18,25,35,12.2214,3,9.2,18.7,24.9,34.6,47.7,9.11818,2.6,7.1,14.2,18,25.1,34.8,9.9287,2,7,15.5,21,29.525,42,8.34417,11.3546,8.26734,10.1155,0.62276,0.17344,0.04616,0.1918,0.0896,0.01312,0.6598,0.7128,0.9366,0.48388,4.3376,1.03416,0,0,0,0,0,0,0
43292171,Spencer Horwitz,1B,1,PIT,ATH,Confirmed,3800,0,9.11,,9.11,2.3973684210526316,12.79,14.823357882708533,0,100,5.2594,10.499600000000001,9.1086,3,7,14,17,24,33,12.0442,3.15,9.2,18.4,22.2,31.9,44.103,9.13336,2.6,7.1,13.5,16.8,23.9,32.9,9.76418,3,7.5,14.5,19.5,28,39,7.63636,10.327,7.60039,9.12462,0.71592,0.24816,0.02192,0.14716,0.05636,0.01188,0.71036,0.55432,0.7898,0.63096,4.82348,1.1331600000000002,0,0,0,0,0,0,0
43292104,Ketel Marte,2B,1,ARI,LAA,Confirmed,5300,0,9.1,,9.1,1.7169811320754718,9.49,10.798915066322484,0,100,4.9164,9.5328,9.10316,3,7,14,18,24,34,12.1079,3,9.2,18.4,24.4,31.915,45.902,9.16489,2.6,7.1,13.9,17.7,23.91,33.602,9.8311,2.5,7.5,15,20,28.025,40,7.88394,10.6297,7.83399,9.42959,0.565,0.19332,0.08268,0.1586,0.07516,0.01248,0.67868,0.58304,0.72132,0.64744,4.65912,0.9995999999999998,0,0,0,0,0,0,0
43292086,Lucas Giolito,P,,SD,STL,,6800,0,9.04,,9.04,1.329411764705882,1.81,1.1656165940641954,0,100,4.2284,8.9658,9.03708,3.4375,9.4,15.3,17.95,22.05,26.101,16.7274,9,17,25,28,34,40,10.2949,3.8,10.5,17.3,20.3,25.2,29.2,14.1936,6.5,14.5,23,26.5,32.5,38.5,8.40212,10.9736,9.40025,11.7255,2.26988,0.71076,0.05972,0.52748,0,0,2.07012,0,3.2328,1.49968,15.8993,3.5678400000000003,1.92212,3.70407,0.28052,0,0,0,60.8214
43292109,Andy Pages,OF,2,LAD,TB,Confirmed,5200,0,9.02,,9.02,1.7346153846153847,6.24,6.336582363592424,0,100,5.3588,9.7982,9.02376,3,7,14,18,25,33.01,11.7652,3,9.2,18.7,24.4,32.2,44.603,8.80164,2.6,7.1,13.9,17.7,23.9,32.9,9.8232,2.5,7,15.5,20,28.5,40,8.11956,10.9331,8.02112,9.73945,0.72056,0.2244,0.0208,0.19552,0.10008,0.01752,0.67552,0.62188,0.68216,0.26164,4.4766,1.16128,0,0,0,0,0,0,0
43292098,Byron Buxton,OF,2,MIN,TEX,Confirmed,5900,0,8.95,,8.95,1.5169491525423726,3.56,3.16708079274007,0,100,4.038,8.624600000000001,8.94873,2,7,14,18,26,36,11.7613,3,9.1,18.7,24.7,34.6,47.9,8.84924,2.6,7.1,14.2,18,25.2,35.5,9.41893,1.5,6.5,16,20.5,29.525,42.5,8.50175,11.4421,8.42286,10.2007,0.546733,0.1842,0.0412667,0.2186,0.135933,0.0194,0.619533,0.588467,1.2512,0.387867,4.5042,0.9907997000000001,0,0,0,0,0,0,0
43292154,Alex Bregman,3B,2,CHC,COL,Confirmed,4100,0,8.95,,8.95,2.1829268292682924,15.82,19.40595804305018,0,100,5.7586,9.8432,8.95004,3,7,13,17,24,33,11.7644,3,9.2,18.2,22.2,31.7,44.4,8.8376,2.6,7.1,13.2,16.8,23.2,32.2,9.68946,3,7.5,14,19.5,28,39,7.66666,10.3315,7.57243,9.15105,0.74596,0.19596,0.04856,0.14648,0.06708,0.01232,0.7106,0.59164,0.6206,0.4696,4.56052,1.13696,0,0,0,0,0,0,0
43292121,Max Muncy,3B,5,LAD,TB,Confirmed,4800,0,8.76,,8.76,1.825,9.04,9.8800302592553,0,100,5.3588,9.7982,8.75696,2,6.5,14,18,24,34,11.7558,3,9,18.7,24.7,32.2,46.603,8.83375,2.6,7.1,13.9,18,23.9,33.8,9.55668,2,6,15.5,21,28.5,40,8.07676,11.0113,8.0555,9.86511,0.516,0.15252,0.02664,0.22336,0.05676,0.00808,0.617,0.66968,0.862,0.57124,4.09512,0.91852,0,0,0,0,0,0,0
43292113,Zach Neto,SS,1,LAA,ARI,Confirmed,5000,0,8.67,,8.67,1.734,8.81,9.767375959932691,0,100,4.6164,9.5328,8.66524,2,7,14,17,24,33.01,11.2879,3,9,18.2,22.2,31.9,44.4,8.52568,2.6,7.1,13.5,16.8,23.9,32.9,9.0212,2,6.5,14,19,28,39,8.11832,10.8058,7.98601,9.57129,0.55816,0.24532,0.0674,0.15308,0.14624,0.02864,0.61552,0.50592,1.18792,0.36004,4.71804,1.02396,0,0,0,0,0,0,0
43292125,Kevin McGonigle,3B/SS,1,DET,HOU,Confirmed,4700,0,8.66,,8.66,1.8425531914893618,10.99,12.535895666062432,0,100,4.647,9.278400000000001,8.6552,3,7,13,16,23,31,11.3652,3,9.2,15.7,21.7,30.9,41.202,8.62882,2.6,7.1,12.3,16.1,22.9,30.3,9.09314,2.5,7,13,18,26,35.005,7.2751,9.71984,7.15587,8.48614,0.70068,0.20876,0.03556,0.10896,0.12496,0.0182,0.62584,0.48488,0.73204,0.64452,4.76056,1.05396,0,0,0,0,0,0,0
43292122,Bryan Reynolds,OF,3,PIT,ATH,Confirmed,4800,0,8.63,,8.63,1.7979166666666668,8.49,9.206324442894374,0,100,5.2594,10.499600000000001,8.62736,3,7,12,16,23,32,11.452,3,9.2,15.9,21.9,31.4,43.902,8.66055,2.6,7.1,12.3,16.5,23.2,32.2,9.08366,2.5,6.5,13,18.5,26.525,37.505,7.4865,10.1479,7.42172,8.95993,0.64684,0.21292,0.0344,0.12544,0.08568,0.01212,0.60156,0.57656,1.04132,0.654,4.66644,1.0196,0,0,0,0,0,0,0
43292111,Freddie Freeman,1B,3,LAD,TB,Confirmed,5100,0,8.61,,8.61,1.6882352941176468,6.35,6.313871125973661,0,100,5.3588,9.7982,8.60996,3,7,13,17,23,32,11.274,3,9.2,16,22.115,31.4,44.1,8.47595,2.6,7.1,12.3,16.8,23.2,32.2,9.40798,2.5,7,14,19.5,27.5,39,7.63222,10.2964,7.54606,9.17569,0.69436,0.21672,0.04172,0.15676,0.07072,0.01008,0.60912,0.61072,0.60772,0.37432,4.30892,1.10956,0,0,0,0,0,0,0
43292115,Ryan O'Hearn,1B/OF,4,PIT,ATH,Confirmed,4900,0,8.6,,8.6,1.7551020408163263,9.76,10.790234801760759,0,100,5.2594,10.499600000000001,8.59752,3,7,13,17,24,33,11.4158,3,9.2,16,22.2,31.7,44.602,8.58387,2.6,7.1,12.3,16.8,23.2,32.9,9.30052,2.5,7,13.5,19.5,28,39.5,7.6558,10.4316,7.59985,9.25654,0.69,0.20948,0.01608,0.14776,0.05692,0.00836,0.57812,0.66,0.8256,0.55652,4.5284,1.06332,0,0,0,0,0,0,0
43292089,Mike Paredes,P,,MIN,TEX,Confirmed,6000,0,8.53,,8.53,1.4216666666666666,1.89,1.2320325878600722,0,100,4.038,8.624600000000001,8.5322,3.3,8.55,13.8,16.9,21.9025,27.6,16.1471,9,16,23,27,34,42,9.78572,3.7,9.7,15.5,19.3,24.5,31.2,13.485,6,13.5,21,25.5,32.5,40.5,8.14859,10.9131,9.15077,11.4208,2.32007,0.732,0.0595333,0.556867,0,0,2.13953,0,3.41387,1.5854,16.2915,3.6684702999999996,1.9756,3.77291,0.0797333,0.0088,0,0,63.5581
43292117,Fernando Tatis Jr.,2B/OF,1,SD,STL,Confirmed,4900,0,8.47,,8.47,1.7285714285714286,7.31,7.751282436046289,0,100,4.2284,8.9658,8.46604,3,7,13,16,23,31,10.8933,3,9,15.7,21.7,30.7,41.101,8.21943,2.6,7.1,12,16.1,22.2,30.304,8.7553,2.5,6.5,13,17.5,25.5,35.505,7.44618,9.85078,7.23658,8.53117,0.76904,0.20696,0.02536,0.10644,0.19548,0.02992,0.5708,0.4654,0.79188,0.40352,4.685,1.1078000000000001,0,0,0,0,0,0,0
43292128,Sal Stewart,1B/3B,3,CIN,NYM,Confirmed,4600,0,8.46,,8.46,1.8391304347826087,9.63,10.6177391531003,0,100,4.6634,8.966000000000001,8.45832,2,7,13,17,24,33,11.1423,3,9,16.5,22.2,31.405,44.4,8.40038,2.6,6.8,12.35,16.8,23.2,32.9,9.07122,2,6,13.5,19.5,27.5,39.5,7.77426,10.4972,7.70478,9.32393,0.6034,0.18216,0.02424,0.17784,0.1078,0.01796,0.56976,0.57432,0.79548,0.46892,4.34084,0.9876400000000001,0,0,0,0,0,0,0
43292203,Wyatt Langford,OF,3,TEX,MIN,Confirmed,3300,0,8.45,,8.45,2.5606060606060606,10.07,11.4492859389526,0,100,4.5866,8.624600000000001,8.45213,2,7,13,16,23,32,11.1445,3,9,16,21.7,31.2,43.9,8.36565,2.6,6.8,12.3,16.1,23.2,31.9,8.9151,2,6.5,13.5,18.5,26.5,37.005,7.53275,10.1254,7.41237,8.93511,0.600133,0.182,0.037,0.142067,0.149067,0.0187333,0.563133,0.575333,0.8954,0.5014,4.304,0.9612,0,0,0,0,0,0,0
43292101,Jordan Walker,OF,4,STL,SD,Confirmed,5600,0,8.45,,8.45,1.5089285714285712,3.98,3.63789090376032,0,100,4.7374,8.9658,8.45452,2,7,13,17,23,32.01,11.2111,3,9,16.5,22.2,31.7,44.4,8.33952,2.6,6.4,12.3,16.8,23.2,32.2,9.05378,2,6,14,19,27.5,38.505,7.69209,10.4378,7.58334,9.24312,0.62484,0.18272,0.02032,0.15764,0.11752,0.01696,0.56536,0.6754,0.91996,0.42916,4.2712,0.98552,0,0,0,0,0,0,0
43292157,Geraldo Perdomo,SS,2,ARI,LAA,Confirmed,4000,0,8.45,,8.45,2.1125,12.35,14.58615549417613,0,100,4.9164,9.5328,8.4506,3,7,12,16,22,30,11.222,3,9.2,15.7,21.4,28.71,40.9,8.48468,2.6,7.1,12,15.8,21.71,30.003,8.76756,3,7,13,17,25,35,7.03263,9.374,6.889,8.04282,0.55376,0.19084,0.0864,0.05588,0.17552,0.02756,0.6314,0.4536,0.64512,0.76876,4.52764,0.8868800000000001,0,0,0,0,0,0,0
43292183,Jo Adell,OF,4,LAA,ARI,Confirmed,3600,0,8.42,,8.42,2.338888888888889,8.12,8.783239728502254,0,100,4.6164,9.5328,8.41516,2,6,13,17,23,33,11.0247,3,9,16.5,22.2,31.7,44.9,8.25521,2.6,6.4,12.575,16.8,23.2,32.2,9.08408,2,6,14,19.5,28,40,7.99166,10.7743,7.87925,9.63497,0.63232,0.20552,0.05328,0.16348,0.08548,0.01424,0.53116,0.66188,0.958,0.30804,4.41404,1.0546,0,0,0,0,0,0,0
43292112,Tyler Soderstrom,OF,3,ATH,PIT,Confirmed,5000,0,8.4,,8.4,1.6800000000000002,7.36,7.77853248544097,0,100,5.2402,10.499600000000001,8.3986,2,7,13,17,23,32,11.2153,3,9,16.2,22.2,31.41,43.9,8.43846,2.6,6.8,12.3,16.8,23.2,32.207,9.04114,2,6,14,19.5,27.5,39.5,7.70964,10.4956,7.68643,9.35915,0.55024,0.21368,0.01616,0.17492,0.06084,0.01012,0.59764,0.61648,0.96532,0.53428,4.3918,0.9549999999999998,0,0,0,0,0,0,0
43292134,Mookie Betts,SS,4,LAD,TB,Confirmed,4500,0,8.37,,8.37,1.8599999999999999,12.15,14.299694891028272,0,100,5.3588,9.7982,8.37316,3,7,13,16,23,31,10.9842,3,9,15.9,21.9,31.2,41.7,8.20223,2.6,6.4,12,16.1,22.5,30.7,9.22468,2.5,7,14,19,27,37,7.53318,10.1347,7.4164,8.98115,0.66932,0.21096,0.0432,0.14064,0.09088,0.01348,0.585,0.63144,0.422,0.33556,4.24056,1.06412,0,0,0,0,0,0,0
43292147,Christian Walker,1B,3,HOU,DET,Confirmed,4200,0,8.34,,8.34,1.9857142857142855,6.08,5.980993340247604,0,100,4.6314,9.278400000000001,8.3392,2,6,13,17,23,33,11.0402,3,6.5,16.2,22.2,31.7,44.4,8.28798,2.6,5.2,12.3,16.8,23.2,32.9,9.04718,2,6,14,20,28,40,7.97503,10.8423,7.94251,9.72995,0.5966,0.17528,0.00872,0.21152,0.05652,0.00916,0.56732,0.64256,0.95188,0.39284,4.32636,0.99212,0,0,0,0,0,0,0
43292135,JJ Wetherholt,2B,1,STL,SD,Confirmed,4500,0,8.34,,8.34,1.8533333333333333,6.77,7.133894310137575,0,100,4.7374,8.9658,8.3358,3,7,12,16,23,31,10.9969,3,9.2,15.5,21.7,30.9,41.1,8.32323,2.6,7.1,11.6,16.1,22.5,30.802,8.73416,2.5,6.5,12.5,18,26,36,7.29608,9.81242,7.22261,8.5993,0.66532,0.176,0.0196,0.13192,0.10432,0.01756,0.65008,0.47236,0.82312,0.60868,4.5688,0.9928400000000001,0,0,0,0,0,0,0
43292138,Ivan Herrera,C,2,STL,SD,Confirmed,4400,0,8.33,,8.33,1.893181818181818,10.49,12.024933248752383,0,100,4.7374,8.9658,8.33156,3,7,12,16,23,30,10.9809,3,9.2,15.425,21.7,30.9,40.9,8.28476,2.6,7.1,11.6,16.1,22.5,30.3,8.82884,2.5,6.5,12.5,17.5,26,35,7.12672,9.6306,7.05415,8.48736,0.71468,0.19316,0.01916,0.12208,0.07828,0.01192,0.6612,0.50852,0.75504,0.5584,4.47684,1.04908,0,0,0,0,0,0,0
43292132,Alec Burleson,1B,3,STL,SD,Confirmed,4500,0,8.27,,8.27,1.8377777777777775,4.49,4.1445168897398945,0,100,4.7374,8.9658,8.26528,3,6,12,16,23,32,10.8943,3,9,15.7,21.73,31.4,43.8,8.15777,2.6,6.4,11.6,16.1,22.9,31.5,9.0002,2.5,6,13.5,19,27.5,38,7.52168,10.2019,7.44434,9.06393,0.68404,0.19636,0.02452,0.14708,0.06512,0.01088,0.58416,0.62532,0.65888,0.40992,4.37528,1.052,0,0,0,0,0,0,0
43292106,Hunter Goodman,C,4,COL,CHC,Confirmed,5200,0,8.25,,8.25,1.5865384615384615,4.94,4.804881731847849,0,100,4.0846,9.8432,8.25396,2,5,14,17,25,34,10.9247,3,6.5,18.7,22.2,33.9,46.602,8.19847,2.425,5.2,14.2,16.8,24.41,34.1,8.85934,1,5.5,16,20,28.5,40.5,8.41505,11.4186,8.38334,10.2987,0.491,0.15492,0.03496,0.24396,0.05772,0.00932,0.53244,0.65904,1.32884,0.30776,4.278,0.9248400000000001,0,0,0,0,0,0,0
43292110,JJ Bleday,OF,2,CIN,NYM,Confirmed,5100,0,8.15,,8.15,1.5980392156862746,5.71,5.683572103305212,0,100,4.6634,8.966000000000001,8.15368,2,6,12,17,23,32.01,10.7773,3,6.5,15.7,22.2,31.7,43.9,8.13434,2.6,5.2,12.3,16.8,23.2,32.201,8.71344,2,5.5,13,19,27.5,38.505,7.82224,10.5659,7.77892,9.42069,0.5474,0.18292,0.03216,0.17812,0.07696,0.0138,0.59112,0.54072,0.92304,0.45496,4.384,0.9405999999999999,0,0,0,0,0,0,0
43292139,Spencer Steer,2B/OF,4,CIN,NYM,Confirmed,4400,0,8.04,,8.04,1.8272727272727272,10.43,12.0846601459653,0,100,4.6634,8.966000000000001,8.04292,2,6,12,16,23,31,10.6053,3,9,15.7,21.7,31.1,41.42,7.9931,2.6,6.4,11.6,16.1,22.5,30.7,8.61694,2,6,13,18.5,26,37,7.40006,9.98708,7.31671,8.87126,0.59904,0.18868,0.03136,0.14492,0.09128,0.01428,0.5402,0.56036,0.78132,0.4724,4.23268,0.964,0,0,0,0,0,0,0
43292161,Jackson Merrill,OF,2,SD,STL,Confirmed,3900,0,8.01,,8.01,2.053846153846154,5.9,5.918127957144896,0,100,4.2284,8.9658,8.00604,2,6,12,16,23,32,10.4449,3,6.5,15.4,21.5,30.9,43.6,7.8853,2.6,5.2,11.6,16.1,22.5,31.9,8.41332,2,5.5,12.5,18,26,37,7.57862,10.1534,7.46914,8.99231,0.62244,0.19252,0.04992,0.13472,0.1034,0.0166,0.54996,0.51464,0.99848,0.39168,4.58244,0.9996,0,0,0,0,0,0,0
43292137,Jeremy Pena,SS,1,HOU,DET,Confirmed,4400,0,8.01,,8.01,1.8204545454545455,8.79,9.65017176381808,0,100,4.6314,9.278400000000001,8.0092,3,6,12,16,22,30,10.3539,3,9,15.2,19.4,28.7,40.602,7.80916,2.6,6.4,11.6,14.9,21.3,29.6,8.40362,2,6,12,17,25,35,7.17409,9.54277,7.02882,8.37187,0.72572,0.209,0.02332,0.11576,0.12376,0.01632,0.61512,0.44404,0.74676,0.35288,4.53596,1.0738,0,0,0,0,0,0,0
43292187,Blake Dunn,OF,1,CIN,NYM,Confirmed,3500,0,7.98,,7.98,2.28,7.52,7.984455339004894,0,100,4.6634,8.966000000000001,7.98408,2,6,12,16,22,31,10.4133,3,9,15.4,21.2,30.21,40.9,7.90164,2.6,6.4,11.6,15.8,22,30.3,8.22402,2,6,12.5,17,25.5,35.5,7.29987,9.75432,7.20414,8.59271,0.62424,0.19944,0.03068,0.1288,0.1236,0.02128,0.56396,0.4474,1.1006,0.47,4.51796,0.98316,0,0,0,0,0,0,0
43292195,Brandon Nimmo,OF,4,TEX,MIN,Confirmed,3400,0,7.97,,7.97,2.344117647058823,8.64,9.477047337262102,0,100,4.5866,8.624600000000001,7.97487,2,6,12,16,23,31,10.5392,3,9,15.5,21.7,30.9,41.601,7.89015,2.6,6.1,11.6,16.1,22.5,30.3,8.59473,2,6,12.5,18.5,26,37,7.42724,10.0549,7.33731,8.96728,0.614667,0.178933,0.0297333,0.145467,0.0814,0.0113333,0.528133,0.618667,0.811333,0.421533,4.20927,0.9688003,0,0,0,0,0,0,0
43292136,Riley Greene,OF,4,DET,HOU,Confirmed,4400,0,7.97,,7.97,1.8113636363636363,4.32,4.02799709814257,0,100,4.647,9.278400000000001,7.96912,2,6,12,16,23,32,10.617,3,6.5,15.7,21.7,31.4,43.402,7.99303,2.6,5.2,11.6,16.1,23.2,31.5,8.39592,1.5,5.5,12.5,18.5,26.525,37.5,7.517,10.2328,7.47624,9.14746,0.58252,0.18048,0.01524,0.15856,0.05404,0.00948,0.53408,0.607,1.25904,0.52964,4.45244,0.9368000000000001,0,0,0,0,0,0,0
43292124,Kyle Tucker,OF,6,LAD,TB,Confirmed,4700,0,7.96,,7.96,1.6936170212765957,2.55,2.101294550670597,0,100,5.3588,9.7982,7.95672,2,6,12,16,22.05,31,10.4805,3,9,15.5,21.7,30.9,40.902,7.87392,2.6,6.4,11.6,15.8,22.5,31,8.5595,2,6,12.5,18,26,36.505,7.33743,9.8873,7.23525,8.73207,0.5844,0.1892,0.03516,0.1324,0.1168,0.01732,0.53016,0.55532,0.61516,0.44864,4.04884,0.94116,0,0,0,0,0,0,0
43292091,Michael Lorenzen,P,,COL,CHC,Confirmed,5500,0,7.92,,7.92,1.4400000000000002,1.28,0.7072437874099614,0,100,4.0846,9.8432,7.91729,1.1375,7.85,14.8,18.5,24.2525,29.9505,17.3786,8,17,27,32,41,49,9.14932,1.7,9,16.7,21.2,27.5,33.501,13.1709,3.5,13,22.5,28,36,44,9.96269,13.8439,11.1446,13.9846,3.39684,1.0136,0.23724,0.87656,0,0,3.49468,0,3.87156,2.1442,21.4135,5.524240000000001,3.2296,4.71423,0.15608,0.0934,0.0012,0.00004,83.368
43292143,Carlos Cortes,OF,5,ATH,PIT,Confirmed,4300,0,7.87,,7.87,1.830232558139535,4.61,4.3643515793062715,0,100,5.2402,10.499600000000001,7.86864,2,6,12,16,22,30,10.3779,3,6.7,15.4,21.415,29.2,41.4,7.79557,2.6,5.2,11.6,15.8,22,30.3,8.53846,2,6,12.5,17.5,26,36.005,7.26863,9.83519,7.18366,8.73421,0.59668,0.21524,0.03792,0.12492,0.07776,0.01432,0.52088,0.5876,0.6574,0.42204,3.94408,0.97476,0,0,0,0,0,0,0
43292181,Gabriel Moreno,C,4,ARI,LAA,Confirmed,3600,0,7.83,,7.83,2.175,15.07,19.000063656333936,0,100,4.9164,9.5328,7.82672,2,6,12,15,21,30,10.3808,3,9,15.5,19.2,28.4,40.702,7.76724,2.6,6.4,11.6,14.2,20.6,29.6,8.34902,2,6,12.5,16.5,25,35,6.91773,9.32726,6.78944,8.23768,0.6168,0.19096,0.06972,0.07516,0.08272,0.0104,0.51168,0.61756,0.82628,0.52004,4.33472,0.95264,0,0,0,0,0,0,0
43292080,Nick Martinez,P,,TB,LAD,,8000,0,7.81,,7.81,0.97625,0.72,0.34768756744136214,0,100,4.4394,9.7982,7.8111,1.4,7.775,14.4,17.9075,23.6,29.55,17.0271,8,17,26,31,40,49,9.2316,1.9,9.3,16.6,20.6,26.7,33.4,12.8549,4,13,22,27,35,43.005,9.57137,13.3927,10.7223,13.4165,3.41512,1.08556,0.1776,0.95164,0,0,3.35368,0,3.35292,1.81408,21.6592,5.62992,3.1016,4.8804,0.19684,0.11272,0.0024,0.00024,82.7638
43292159,Josh Jung,3B,2,TEX,MIN,Confirmed,4000,0,7.76,,7.76,1.94,4.66,4.379691803521323,0,100,4.5866,8.624600000000001,7.7644,3,6,11,16,22,30,10.1345,3,6.5,15.2,21.2,28.7,40.9,7.65076,2.6,5.2,11.3,15.1,21.3,30.3,8.2105,2,6,12,17,25.025,35.505,7.05925,9.4932,6.97534,8.44069,0.682667,0.204,0.0274667,0.1206,0.0666667,0.0127333,0.583333,0.490933,0.8762,0.3944,4.42487,1.0347336999999999,0,0,0,0,0,0,0
43292182,Jacob Wilson,SS,4,ATH,PIT,Confirmed,3600,0,7.75,,7.75,2.1527777777777777,10.51,11.954561737224793,0,100,5.2402,10.499600000000001,7.75468,3,6,11,15,21,30,10.0968,3,9,15.2,19,28.41,40.403,7.55901,2.6,5.9,10.9,14.2,20.6,29.6,8.43532,2.5,6,12,17,25,35,6.88047,9.28625,6.75207,8.21787,0.78456,0.22532,0.01504,0.09396,0.06152,0.00976,0.53772,0.58276,0.51824,0.33296,4.31032,1.11888,0,0,0,0,0,0,0
43292152,Nico Hoerner,2B,6,CHC,COL,Confirmed,4100,0,7.75,,7.75,1.8902439024390243,6.8,7.153190515998481,0,100,5.7586,9.8432,7.74736,3,7,11,14,20,28,10.0394,3,9,15.2,18.7,27.605,37.9,7.49284,2.6,6.4,10.9,13.9,19.9,27.4,8.2172,3,6.5,12,15.075,23,32,6.55641,8.73345,6.32261,7.51298,0.7844,0.19028,0.03676,0.04836,0.15196,0.02152,0.55176,0.50656,0.374,0.39432,4.13016,1.0597999999999999,0,0,0,0,0,0,0
43292185,Endy Rodriguez,C,6,PIT,ATH,Confirmed,3500,0,7.74,,7.74,2.2114285714285717,11.3,13.325526766963554,0,100,5.2594,10.499600000000001,7.73992,2,6,11,15,22,31,10.2729,3,6.5,15.2,21.2,29.2,41.912,7.73864,2.6,5.2,11.3,15.145,22,31,8.1907,2,5.5,12,17,25.525,36.5,7.24347,9.81096,7.16849,8.67593,0.5836,0.20188,0.02988,0.11176,0.07652,0.01376,0.53464,0.54804,0.92452,0.53756,4.33032,0.9271199999999999,0,0,0,0,0,0,0
43292316,Matt Shaw,2B/3B,8,CHC,COL,Confirmed,2200,0,7.71,,7.71,3.504545454545455,14.89,18.600145614919306,0,100,5.7586,9.8432,7.71468,2,6,12,16,22,30,10.1751,3,6.5,15.4,21.4,29.01,40.9,7.56556,2.6,5.2,11.3,15.4,21.3,30,8.24614,2,6,12,17,25.5,36,7.24293,9.75101,7.09561,8.57154,0.5884,0.16152,0.04612,0.11524,0.12404,0.0202,0.53916,0.58056,0.68596,0.38044,3.86232,0.9112800000000001,0,0,0,0,0,0,0
43292160,Kerry Carpenter,OF,3,DET,HOU,Confirmed,4000,0,7.69,,7.69,1.9225,4.55,4.294342872441586,0,100,4.647,9.278400000000001,7.6894,2,5,12,16,23,33,10.2164,3,6.2,15.5,22.2,31.7,44.9,7.65028,2.6,5.2,11.6,16.1,23.2,32.9,8.2192,1.5,5,12.5,19,27.5,40,7.88363,10.7326,7.84517,9.62222,0.5334,0.1468,0.02964,0.18412,0.04616,0.00668,0.52716,0.61532,1.15472,0.38056,4.2612,0.8939600000000001,0,0,0,0,0,0,0
43292295,Tyler Callihan,3B/OF,7,PIT,ATH,Confirmed,2400,0,7.66,,7.66,3.191666666666667,9.34,10.342271109285782,0,100,5.2594,10.499600000000001,7.6588,2,5,11,15,23,32,10.1108,3,6.5,15.2,19.5,30.9,43.9,7.59175,2.6,5.2,10.9,14.73,22.5,31.5,8.13706,1.5,5.5,12,17,26,38,7.43235,10.0523,7.33098,8.88407,0.57364,0.19004,0.034,0.12248,0.09512,0.01404,0.50956,0.55656,0.87628,0.44152,4.21436,0.9201600000000001,0,0,0,0,0,0,0
43292114,Dillon Dingler,C,5,DET,HOU,Confirmed,5000,0,7.64,,7.64,1.5279999999999998,4.81,4.650260928234209,0,100,4.647,9.278400000000001,7.64468,2,5,11,16,22,31,10.1286,3,6.5,15.4,21.7,30.605,41.7,7.60714,2.6,5.2,11.375,16.1,22,30.3,8.15746,1.5,5.5,12,18,26,37,7.35849,10.0178,7.31862,8.96035,0.60268,0.17332,0.017,0.15236,0.04524,0.00776,0.51344,0.59764,1.0538,0.43104,4.39024,0.94536,0,0,0,0,0,0,0
43292180,Carson Benge,OF,1,NYM,CIN,Confirmed,3600,0,7.63,,7.63,2.1194444444444445,5.52,5.451235545453493,0,100,4.3026,8.966000000000001,7.62736,2,5,12,16,22,31,9.92047,3,6.2,15.2,21.2,28.7,40.9,7.54193,2.6,5.2,11.3,15.4,21.3,30.403,7.6954,1.5,5,11.5,17,25,36,7.35299,9.77715,7.23806,8.59711,0.58436,0.18628,0.02536,0.12836,0.13904,0.02272,0.53616,0.39576,1.26864,0.44868,4.60388,0.9243600000000001,0,0,0,0,0,0,0
43292163,Kody Clemens,1B/OF,3,MIN,TEX,Confirmed,3900,0,7.62,,7.62,1.9538461538461536,4.42,4.087537540276681,0,100,4.038,8.624600000000001,7.62407,2,5,12,16,22,30,9.94319,3,6.5,15.4,21.4,28.7,40.9,7.51001,2.6,5.2,11.6,15.8,21.3,30.3,7.99607,1.5,5.5,12,17,25.5,36.01,7.32884,9.82169,7.22372,8.70502,0.613867,0.187467,0.0309333,0.130667,0.1054,0.0186,0.486133,0.509533,0.986533,0.386333,4.3762,0.9629343,0,0,0,0,0,0,0
43292363,Lourdes Gurriel Jr.,OF,5,ARI,LAA,Confirmed,3200,0,7.61,,7.61,2.378125,8.28,8.985215880047829,0,100,4.9164,9.5328,7.60884,2,6,12,15,21,29,10.0494,3,6.5,15.4,19.2,28.7,38.7,7.49643,2.6,5.2,11.3,14.2,21,28.402,8.19622,2,6,12,17,25,34,6.95834,9.37405,6.8271,8.2894,0.5926,0.18732,0.0702,0.08568,0.08788,0.01348,0.4908,0.61456,0.7094,0.41296,4.21704,0.9358,0,0,0,0,0,0,0
43292127,Jonathan Aranda,1B,2,TB,LAD,,4700,0,7.61,,7.61,1.619148936170213,2.17,1.6809002276200922,0,100,4.4394,9.7982,7.607,2,5,11,15,22,30,10.0341,3,6.5,15.2,19.2,28.9,40.9,7.62046,2.6,5.2,11.3,14.6,21.3,30.3,7.93754,2,5.5,11.5,16.5,25.5,36,7.1609,9.66022,7.12465,8.56194,0.6088,0.169,0.0234,0.1312,0.06008,0.0108,0.56048,0.46432,1.0354,0.5432,4.53704,0.9324,0,0,0,0,0,0,0
43292168,Eugenio Suarez,3B,5,CIN,NYM,Confirmed,3800,0,7.58,,7.58,1.9947368421052631,5.94,5.876219656640806,0,100,4.6634,8.966000000000001,7.5828,2,5,12,16,22,32,10.1282,3,6.2,15.5,21.7,30.9,44.1,7.60778,2.6,5.2,11.6,16.1,22.5,32.2,8.0843,1.5,5,12.5,19,26,39,7.56044,10.3194,7.54712,9.28856,0.487,0.16496,0.01288,0.18864,0.04212,0.00736,0.52824,0.58816,1.1846,0.43208,4.1136,0.85348,0,0,0,0,0,0,0
43292162,Isaac Paredes,3B,4,HOU,DET,Confirmed,3900,0,7.55,,7.55,1.9358974358974357,3.95,3.551239139014685,0,100,4.6314,9.278400000000001,7.55488,2,5,11,16,22,31,10.0005,3,6.5,15,21.7,28.9,41.4,7.53564,2.6,5.2,10.9,15.8,21.3,30.802,8.19972,2,5.5,11.5,18,26,37,7.21546,9.8098,7.16998,8.76035,0.62304,0.16768,0.01096,0.14576,0.04208,0.00684,0.50236,0.57408,0.70096,0.4694,4.2474,0.9474400000000001,0,0,0,0,0,0,0
43292207,Austin Martin,OF,1,MIN,TEX,Confirmed,3300,0,7.55,,7.55,2.287878787878788,3.38,2.9788871162981594,0,100,4.038,8.624600000000001,7.5456,2,6,11,15,21,28,9.72022,3,9,15.2,18.7,27.7,37.401,7.39955,2.6,6.4,11.3,14.2,20.3,27.403,7.5439,2,6,11.5,15,22.5,31.005,6.70117,8.80122,6.49363,7.53938,0.6876,0.188267,0.0339333,0.0602,0.183467,0.0289333,0.528267,0.335133,0.934067,0.511933,4.58027,0.9700002999999999,0,0,0,0,0,0,0
43292188,Jake Mangum,OF,8,PIT,ATH,Confirmed,3500,0,7.55,,7.55,2.157142857142857,2.6,2.2054904491299183,0,100,5.2594,10.499600000000001,7.55,3,6,11,14,20,28,9.71244,3,9,15.2,18.7,27.21,37.402,7.24832,2.6,6.1,10.9,13.9,19.6,27.4,7.76978,2,6,11.5,15,22.5,32,6.63204,8.75083,6.35608,7.50009,0.75728,0.20808,0.0224,0.04412,0.20144,0.02508,0.4842,0.48072,0.70628,0.34016,4.13988,1.03188,0,0,0,0,0,0,0
43292204,Lawrence Butler,OF,7,ATH,PIT,Confirmed,3300,0,7.55,,7.55,2.287878787878788,4.31,4.0164908264687025,0,100,5.2402,10.499600000000001,7.54712,2,5,11,16,21.05,30,10.0325,3,6.5,15.2,21.2,28.7,40.9,7.51918,2.6,5.2,11.3,15.1,21.3,29.6,7.80668,1.5,5.5,11.5,17,25,35,7.20965,9.74299,7.11443,8.57422,0.49336,0.16328,0.01872,0.1322,0.14184,0.01892,0.50628,0.52204,1.09624,0.50652,3.99092,0.80756,0,0,0,0,0,0,0
43292351,Tyler Freeman,OF,2,COL,CHC,Confirmed,3600,0,7.55,,7.55,2.0972222222222223,2.63,2.186703700876729,0,100,4.0846,9.8432,7.54596,2,5,11,15,22,31,9.70922,3,6.2,15,18.9,28.4,40.9,7.33914,2.6,5.2,10.9,14.2,21.3,30.3,7.9102,2,5.5,11.5,17,25,36,7.21575,9.58201,7.06171,8.41869,0.67136,0.18384,0.02932,0.11764,0.13732,0.02552,0.50712,0.43704,0.7168,0.3134,4.4556,1.00216,0,0,0,0,0,0,0
43292170,Wade Meckler,OF,3,LAA,ARI,Confirmed,3800,0,7.52,,7.52,1.9789473684210523,4.41,4.137330819785958,0,100,4.6164,9.5328,7.51816,2,6,11,14,21,28,9.77556,3,6.5,15.2,18.7,27.9,37.9,7.42693,2.6,5.2,11.3,14.2,20.6,28.1,7.8318,2,6,12,16,23.5,33,6.7849,9.01715,6.66308,7.95881,0.62636,0.1952,0.08964,0.06812,0.08468,0.01192,0.50088,0.46156,0.9448,0.45824,4.45896,0.97932,0,0,0,0,0,0,0
43292145,Gleyber Torres,2B,2,DET,HOU,Confirmed,4300,0,7.51,,7.51,1.7465116279069768,4.28,4.096386682698929,0,100,4.647,9.278400000000001,7.51472,3,6,10,14,21,29,9.97279,3,9,13,18.7,28.2,39.902,7.56976,2.6,6.4,10.4,14.2,20.6,28.9,7.76142,2,5.5,11,15,23.5,34,6.55223,8.8555,6.48804,7.70947,0.67364,0.16604,0.00444,0.0824,0.07424,0.01092,0.58644,0.42964,0.86612,0.70036,4.6564,0.92652,0,0,0,0,0,0,0
43292148,Nick Gonzales,2B/3B,5,PIT,ATH,Confirmed,4200,0,7.49,,7.49,1.7833333333333334,9.33,10.293985271925198,0,100,5.2594,10.499600000000001,7.49408,3,6,11,14,21,29,9.77344,3,6.5,15.2,18.7,28.1,38.101,7.30583,2.6,5.2,10.9,14.2,20.6,27.707,7.90758,2,6,11.5,16,24,33.5,6.72215,9.02617,6.56246,7.95729,0.74132,0.21212,0.03868,0.06348,0.07752,0.01448,0.50892,0.56692,0.87836,0.363,4.46716,1.0556,0,0,0,0,0,0,0
43292165,Willi Castro,2B/SS,1,COL,CHC,Confirmed,3900,0,7.49,,7.49,1.9205128205128206,4.3,4.061300325590688,0,100,4.0846,9.8432,7.4918,2,5,11,15,22,31,9.64624,3,6.2,15.2,19,28.7,41.4,7.3325,2.6,5.2,10.9,14.6,21.31,31,7.79594,1.5,5,11.5,17,25,36.005,7.4278,9.86492,7.3148,8.74701,0.62632,0.18552,0.04764,0.13156,0.10124,0.01668,0.50148,0.43092,1.01028,0.30876,4.55152,0.99104,0,0,0,0,0,0,0
43292248,Royce Lewis,1B/3B,4,MIN,TEX,Confirmed,2900,0,7.48,,7.48,2.579310344827586,8.21,8.713453441249461,0,100,4.038,8.624600000000001,7.47853,2,5,12,16,22,31.01,9.80932,3,6.5,15.2,21.2,28.7,41.103,7.36777,2.6,5.2,11.3,15.145,21.3,31,7.8545,1.5,5.5,12,17,25.5,37,7.40875,9.97618,7.31125,8.86946,0.573733,0.1684,0.0226,0.144,0.107333,0.0166,0.470933,0.542667,1.04353,0.365333,4.2902,0.908733,0,0,0,0,0,0,0
43292177,Lars Nootbaar,OF,5,STL,SD,Confirmed,3700,0,7.46,,7.46,2.0162162162162165,4.11,3.790536371274178,0,100,4.7374,8.9658,7.465,2,5,11,15,21,29,9.96294,3,6.5,15.05,19.2,28.7,40.4,7.50032,2.6,5.2,10.9,14.2,21,29.3,7.95414,2,5.5,11.5,16.5,25,34.005,6.86952,9.32992,6.81099,8.2629,0.5578,0.16672,0.02456,0.11512,0.07016,0.0118,0.5016,0.55236,0.80556,0.5758,4.13024,0.8642,0,0,0,0,0,0,0
43292119,Zack Gelof,2B/3B,6,ATH,PIT,Confirmed,4900,0,7.44,,7.44,1.5183673469387755,3.48,3.0919775424209237,0,100,5.2402,10.499600000000001,7.43576,2,5,11,16,22,31,9.84002,3,6.2,15.2,21.5,29.01,41.4,7.34342,2.6,5.2,11.3,15.4,21.3,30.3,7.7163,1,5,11.5,17,25.5,36.5,7.40208,9.99629,7.28801,8.85345,0.50884,0.171,0.02128,0.13888,0.12496,0.01928,0.5042,0.54644,1.1834,0.38456,4.11928,0.84,0,0,0,0,0,0,0
43292202,Dansby Swanson,SS,9,CHC,COL,Confirmed,3300,0,7.41,,7.41,2.2454545454545456,8.98,9.982952265844276,0,100,5.7586,9.8432,7.4118,2,5,11,15,21,30,9.83802,3,6.5,15.2,19.115,28.7,40.903,7.34637,2.6,5.2,10.9,14.2,21.3,30.3,7.86496,1.5,5.5,11.5,17,25,36.005,7.15672,9.68216,7.05194,8.5404,0.5296,0.14624,0.03788,0.12212,0.1066,0.01556,0.5372,0.53308,0.77224,0.447,3.78836,0.83584,0,0,0,0,0,0,0
43292290,Noelvi Marte,OF,6,CIN,NYM,Confirmed,2500,0,7.38,,7.38,2.952,5.31,5.197430808257152,0,100,4.6634,8.966000000000001,7.38024,2,5,11,15,21,29.01,9.59164,3,6.5,15.2,18.9,28.2,40.101,7.19401,2.6,5.2,10.9,14.2,21,29.3,7.7148,1.5,5.5,11.5,16.5,24.5,34,7.09698,9.49665,6.95303,8.38078,0.60228,0.17268,0.03036,0.1188,0.14072,0.02116,0.4814,0.492,0.8724,0.31436,3.9878,0.9241200000000002,0,0,0,0,0,0,0
43292158,Jose Altuve,2B,5,HOU,DET,Confirmed,4000,0,7.37,,7.37,1.8425,4.44,4.26006072331078,0,100,4.6314,9.278400000000001,7.36772,2,5,11,15,21,29.01,9.65305,3,6.2,13.2,18.9,28.4,40.4,7.23217,2.6,5.2,10.4,14.2,20.6,29.3,7.86802,2,5.5,11.5,17,24.5,34,6.97875,9.42181,6.8714,8.33415,0.63408,0.17428,0.0088,0.12548,0.1004,0.01644,0.47744,0.54392,0.72164,0.36208,4.1268,0.94264,0,0,0,0,0,0,0
43292201,Moises Ballesteros,C,7,CHC,COL,Confirmed,3400,0,7.36,,7.36,2.1647058823529415,9.36,10.565387034974071,0,100,5.7586,9.8432,7.35812,2,5,11,15,21,30,9.73313,3,6.2,15.2,19.4,28.7,40.9,7.2554,2.6,5.2,10.6,14.9,21.3,29.604,8.0349,2,5.5,11.625,17,26,36,7.17861,9.74503,7.09516,8.68591,0.56324,0.15856,0.03588,0.13848,0.06312,0.00696,0.51984,0.58488,0.61884,0.33936,3.60176,0.8961600000000001,0,0,0,0,0,0,0
43292153,Bo Bichette,SS,2,NYM,CIN,Confirmed,4100,0,7.3,,7.3,1.7804878048780488,4.69,4.486069471442774,0,100,4.3026,8.966000000000001,7.30216,2,5,11,14,21,29.01,9.40908,3,6.2,13,18.7,28.2,40.103,7.0919,2.6,5.2,10.4,14.2,20.6,28.9,7.67992,2,5.5,11.5,16.5,24.5,35,6.88979,9.21683,6.77499,8.17978,0.73164,0.19748,0.02356,0.1074,0.06376,0.01016,0.55392,0.45452,0.87736,0.26084,4.57764,1.06008,0,0,0,0,0,0,0
43292196,Ryan Ward,OF,7,LAD,TB,Confirmed,3400,0,7.3,,7.3,2.1470588235294117,2,1.560439677142382,0,100,5.3588,9.7982,7.30428,2,5,11,15,21,30,9.5757,3,6.2,15.2,19.2,28.7,40.9,7.17121,2.6,5.2,10.9,14.2,21.3,30,7.9037,1.5,5,12,17,25.5,36.005,7.24215,9.78193,7.15212,8.72638,0.58176,0.16876,0.0346,0.13944,0.072,0.01188,0.48888,0.5548,0.70748,0.29832,3.8948,0.92456,0,0,0,0,0,0,0
43292232,Joc Pederson,OF,1,TEX,MIN,Confirmed,3000,0,7.29,,7.29,2.4299999999999997,5.79,5.782299850586259,0,100,4.5866,8.624600000000001,7.29133,2,5,11,15,21,30,9.66465,3,6.2,15.2,19.2,28.4,40.9,7.33165,2.6,5.2,10.9,14.9,21.3,30.3,7.75597,1.5,5,11.5,17,25,35.5,7.17706,9.68279,7.16456,8.59967,0.495067,0.170267,0.0258,0.149467,0.0538667,0.0086,0.565267,0.4384,0.8126,0.488533,4.07947,0.840601,0,0,0,0,0,0,0
43292194,Nolan Arenado,3B,6,ARI,LAA,Confirmed,3400,0,7.26,,7.26,2.135294117647059,2.42,1.9484463334888067,0,100,4.9164,9.5328,7.2644,2,5,10,14,21,30,9.57169,3,6.5,13,18.7,28.2,40.403,7.21047,2.6,5.2,9.875,14.2,20.6,28.9,7.79068,2,5.5,11,16.5,24.5,34.505,6.82737,9.19958,6.73256,8.18647,0.58064,0.17164,0.0616,0.0952,0.05932,0.01028,0.48364,0.53232,0.72016,0.44548,4.0714,0.9090800000000001,0,0,0,0,0,0,0
43292141,Manny Machado,3B,3,SD,STL,Confirmed,4400,0,7.22,,7.22,1.6409090909090909,1.47,1.0555631890688877,0,100,4.2284,8.9658,7.22336,2,5,11,14,21,30,9.40033,3,6.2,13,18.7,28.4,40.603,7.05738,2.6,5.2,9.7,14.2,21.3,29.6,7.69482,1.5,5.5,11,16.5,25,35,7.10824,9.55581,6.9917,8.45243,0.67228,0.1796,0.01064,0.12092,0.07956,0.01228,0.47744,0.52328,0.78412,0.30748,4.473,0.98344,0,0,0,0,0,0,0
43292208,Jake Burger,1B,5,TEX,MIN,Confirmed,3300,0,7.2,,7.2,2.181818181818182,4.49,4.117761709171602,0,100,4.5866,8.624600000000001,7.20247,2,5,10,15,21,31.01,9.51797,3,6.2,13,19.2,28.7,43.103,7.12344,2.6,5.2,9.7,14.2,21.3,31.5,7.73433,1.5,5,11,17,25.5,37,7.2698,9.87041,7.20289,8.83352,0.556267,0.169,0.0248,0.140933,0.0549333,0.00733333,0.488533,0.568133,0.899333,0.346467,4.1312,0.891,0,0,0,0,0,0,0
43292191,Nolan Schanuel,1B,5,LAA,ARI,Confirmed,3500,0,7.19,,7.19,2.0542857142857143,2.86,2.3671954138021265,0,100,4.6164,9.5328,7.18708,2,5,10,14,20,27,9.26526,3,6.5,12.7,18.4,25.7,35.2,7.01954,2.6,5.2,9.7,13.5,19.4,26.302,7.72378,2,6,11,15,23,31.505,6.40746,8.50341,6.26042,7.52837,0.70368,0.2336,0.06712,0.05072,0.05884,0.0106,0.47192,0.47592,0.54388,0.337,4.29532,1.05512,0,0,0,0,0,0,0
43292300,Esmerlyn Valdez,OF,9,PIT,ATH,Confirmed,2400,0,7.16,,7.16,2.9833333333333334,5.63,5.586538745541188,0,100,5.2594,10.499600000000001,7.16464,2,5,10,14,21,30,9.51301,3,6.2,13,18.7,28.7,40.9,7.12684,2.6,5.2,9.825,14.2,21.3,29.604,7.54486,1.5,5,11,16.5,25,36,7.09137,9.60327,7.01035,8.4873,0.53096,0.16056,0.0302,0.11464,0.08264,0,0.51196,0.51884,0.95204,0.45308,3.98612,0.83636,0,0,0,0,0,0,0
43292184,Matt McLain,SS,7,CIN,NYM,Confirmed,3500,0,7.12,,7.12,2.0342857142857143,3.59,3.229512344625635,0,100,4.6634,8.966000000000001,7.1152,2,5,11,14,21,28,9.38551,3,6.2,13,18.7,28.2,37.902,7.06668,2.6,5.2,10.25,14.2,20.6,28.4,7.42392,1.5,5,11,16.5,24,34,6.88075,9.25084,6.78229,8.16426,0.51344,0.17312,0.01864,0.12004,0.1156,0.01832,0.47456,0.47416,0.92672,0.44216,3.9204,0.8252400000000001,0,0,0,0,0,0,0
43292225,Gavin Sheets,1B/OF,4,SD,STL,Confirmed,3100,0,7.11,,7.11,2.293548387096774,4.2,3.8449536787866645,0,100,4.2284,8.9658,7.10756,2,5,10,14,21,30,9.35256,3,6.2,12.7,18.7,28.4,40.9,7.0788,2.6,5.2,9.7,14.2,21,30,7.56664,1.5,5,11,16.5,25,36,7.01284,9.48009,6.95475,8.43237,0.58144,0.19868,0.0166,0.1172,0.05312,0.00956,0.46988,0.497,0.84984,0.43284,4.31232,0.9139199999999998,0,0,0,0,0,0,0
43292277,Denzer Guzman,3B/SS,6,LAA,ARI,Confirmed,2600,0,7.08,,7.08,2.723076923076923,5.74,5.691524337063244,0,100,4.6164,9.5328,7.08488,2,5,10,14,21,29,9.257,3,6.2,13,18.7,28.2,39.207,6.99479,2.6,5.2,10.4,14.2,20.6,28.603,7.37122,1.5,5,11,16.5,24,34,6.99951,9.35222,6.88597,8.32232,0.528,0.18012,0.07448,0.0952,0.08708,0.014,0.451,0.48264,1.08044,0.37488,4.16856,0.8778000000000001,0,0,0,0,0,0,0
43292530,Drew Anderson,P,,DET,HOU,Confirmed,7500,0,7.06,,7.06,0.9413333333333334,0.22,0.08701455549851529,0,100,4.647,9.278400000000001,7.05815,2.4,7.45,12,14.45,18.7,24.0515,13.5647,7,14,20,23,29,36,8.10508,2.7,8.5,13.5,16.4,21.3,27.3,11.2293,4.5,12,18,21.5,27.5,35,7.44034,9.82135,8.3787,10.3899,1.9826,0.60464,0.04672,0.50528,0,0,1.89904,0,2.9572,1.52272,14.2046,3.13924,1.75524,3.26068,0.02872,0.00112,0,0,56.0016
43292334,Cody Freeman,2B,7,TEX,MIN,Confirmed,2000,0,7.05,,7.05,3.525,4.24,4.0272299205375734,0,100,4.5866,8.624600000000001,7.05027,2,5,10,14,21,28,9.26895,3,6.2,12.7,18.7,28.2,38.2,6.96534,2.6,5.2,9.7,14.2,20.6,28.1,7.581,1.5,5,11,16.5,24.5,33.505,6.87323,9.28474,6.77987,8.2607,0.587533,0.161867,0.0246,0.120533,0.0683333,0.0112667,0.460733,0.5268,0.688,0.379733,3.89273,0.8945329999999999,0,0,0,0,0,0,0
43292268,Jordan Lawlar,3B/OF,7,ARI,LAA,Confirmed,2700,0,7.03,,7.03,2.603703703703704,5.25,5.087282847193197,0,100,4.9164,9.5328,7.03148,2,5,10,14,20,28,9.27221,3,6.5,13,18.7,25.7,38.001,6.97066,2.6,5.2,10.4,13.9,19.4,27.4,7.2014,1.5,5,11,15,23,32.5,6.67175,8.92686,6.53355,7.83766,0.50324,0.15712,0.0606,0.076,0.13352,0.01732,0.46116,0.46676,1.03144,0.48396,3.98264,0.79696,0,0,0,0,0,0,0
43292142,Dalton Rushing,C,8,LAD,TB,Confirmed,4300,0,7,,7,1.627906976744186,3.1,2.707226075832729,0,100,5.3588,9.7982,6.9952,2,5,10,15,21,30,9.24804,3,6.2,12.7,19.2,28.7,40.9,6.91893,1.9,4.5,9.7,14.2,21.3,30.3,7.47888,1,5,11,17,25,36.5,7.22289,9.78832,7.15928,8.75616,0.51028,0.14568,0.02132,0.15464,0.06484,0.00976,0.48908,0.533,0.902,0.32532,3.79224,0.83192,0,0,0,0,0,0,0
43292190,Ryan Vilade,OF,4,TB,LAD,,3500,0,6.99,,6.99,1.997142857142857,2.44,1.9982746894957701,0,100,4.4394,9.7982,6.99196,2,5,10,14,21,30,9.103,3,6.2,12.7,18.7,28.2,40.601,6.87204,2.6,5.2,9.7,14.2,20.6,29.6,7.4183,1.5,5,11,16.5,24,35,7.03764,9.43186,6.92399,8.36478,0.58592,0.17912,0.03508,0.1108,0.08692,0.01464,0.4306,0.48904,0.79388,0.33804,4.21768,0.91092,0,0,0,0,0,0,0
43292175,Oswald Peraza,2B/SS,9,LAA,ARI,Confirmed,3700,0,6.98,,6.98,1.8864864864864868,2.85,2.450822952773549,0,100,4.6164,9.5328,6.98164,2,5,10,14,21,28,9.06014,3,6.2,12.7,18.7,27.9,37.9,6.82618,1.9,5.2,9.7,14.2,20.3,27.7,7.2918,1.5,5,11,16,23,33.5,6.91244,9.17902,6.75288,8.08301,0.54272,0.17812,0.06412,0.087,0.12688,0.01856,0.45348,0.44384,0.80896,0.32544,3.83792,0.8719599999999998,0,0,0,0,0,0,0
43292213,Masyn Winn,SS,6,STL,SD,Confirmed,3200,0,6.98,,6.98,2.18125,4.34,4.078021524884774,0,100,4.7374,8.9658,6.98444,2,5,10,14,20,27,9.13814,3,6.3,12.7,18.5,25.7,37.301,6.84693,2.6,5.2,9.7,13.5,19.4,26.703,7.37798,2,5.5,11,15,23,32,6.46269,8.68206,6.3138,7.63408,0.64116,0.17792,0.0292,0.07292,0.09968,0.01608,0.44972,0.51208,0.71148,0.39328,4.05788,0.9211999999999999,0,0,0,0,0,0,0
43292151,Xander Bogaerts,SS,5,SD,STL,Confirmed,4200,0,6.97,,6.97,1.6595238095238096,2.34,1.9080166079926961,0,100,4.2284,8.9658,6.96632,2,5,10,14,20,28,9.01157,3,6.2,12.7,18.4,27.2,37.6,6.78666,2.6,5.2,9.7,13.5,19.6,27.103,7.24464,2,5.5,11,15,23,32,6.58717,8.76813,6.41066,7.6537,0.69804,0.1776,0.01204,0.07376,0.1198,0.01912,0.46404,0.43968,0.7192,0.37192,4.26608,0.9614400000000001,0,0,0,0,0,0,0
43292266,Jared Young,1B,4,NYM,CIN,Confirmed,2700,0,6.93,,6.93,2.566666666666667,2.04,1.5258563988886698,0,100,4.3026,8.966000000000001,6.92696,0,5,10,15,22,32,9.21463,0,6,12.7,21.03,30.9,43.603,6.9282,0,4.5,9.7,14.93,22.5,31.504,7.18128,0,4,11,17,26,37,7.57645,10.2724,7.51197,9.17918,0.44548,0.1426,0.0306,0.14756,0.07376,0.01208,0.44636,0.52432,1.30496,0.42348,4.20648,0.7662399999999999,0,0,0,0,0,0,0
43292311,Tommy Troy,OF,9,ARI,LAA,Confirmed,2300,0,6.85,,6.85,2.9782608695652173,3.21,2.7997436774540945,0,100,4.9164,9.5328,6.84608,2,5,10,14,20,29,9.08403,3,6.2,12.7,18.7,27.9,38.403,6.82284,2.6,5.2,9.7,14.2,20.3,28.4,7.26738,1.5,5,11,16,23.5,34,6.79113,9.15355,6.69122,8.08058,0.47808,0.14808,0.0676,0.08744,0.07944,0,0.48436,0.48312,0.74588,0.46204,3.76464,0.7812,0,0,0,0,0,0,0
43292174,Henry Bolte,OF,8,ATH,PIT,Confirmed,3700,0,6.85,,6.85,1.8513513513513513,2.18,1.7397512655462817,0,100,5.2402,10.499600000000001,6.85372,2,5,10,14,20,28,8.95794,3,6.2,12.7,18.7,27.7,37.903,6.71459,1.9,5.2,9.7,13.9,20.3,27.7,7.15246,1.5,5,11,15.575,23,33.5,6.76814,9.07766,6.63053,8.00915,0.57316,0.17652,0.03144,0.09124,0.107,0.01616,0.45952,0.47704,0.89116,0.3398,3.88844,0.87236,0,0,0,0,0,0,0
43292244,Tyler Stephenson,C,8,CIN,NYM,Confirmed,2900,0,6.8,,6.8,2.344827586206897,5.2,5.121633682905426,0,100,4.6634,8.966000000000001,6.80268,2,5,10,14,21,29,9.03895,3,6.2,12.7,18.7,28.2,38.42,6.80295,2.6,4.5,9.7,14.2,20.6,28.405,7.29996,1.5,5,10.5,16.5,24,34.505,6.88376,9.36096,6.85687,8.37948,0.49524,0.16076,0.0172,0.13976,0.04092,0.00676,0.46156,0.51776,0.86056,0.40736,3.77888,0.81296,0,0,0,0,0,0,0
43292214,Spencer Torkelson,1B,7,DET,HOU,Confirmed,3200,0,6.79,,6.79,2.121875,0.64,0.3756389691569491,0,100,4.647,9.278400000000001,6.78556,2,5,10,14,21,29,9.13132,3,6.2,12.7,18.7,28.4,40.4,6.90939,2.6,5.2,9.7,14.2,20.62,28.902,7.00938,1,4.5,10,16,24.5,34.005,6.87052,9.38185,6.87212,8.3601,0.44972,0.1412,0.01092,0.13468,0.04136,0.00684,0.4678,0.48928,1.27748,0.58764,4.17796,0.7365200000000001,0,0,0,0,0,0,0
43292245,Marcus Semien,2B,6,NYM,CIN,Confirmed,2900,0,6.79,,6.79,2.341379310344828,2.37,1.969654243287489,0,100,4.3026,8.966000000000001,6.78648,2,5,10,14,21,29,8.84284,3,6.2,12.5,18.7,28.2,40.103,6.65117,1.9,4.5,9.7,14.2,20.6,28.9,7.10794,1,5,11,16,24,34,6.99476,9.38671,6.8709,8.30754,0.56684,0.16124,0.0266,0.109,0.10704,0.015,0.41512,0.47916,0.883,0.3266,4.1562,0.86368,0,0,0,0,0,0,0
43292144,TJ Rumfield,1B,3,COL,CHC,Confirmed,4300,0,6.78,,6.78,1.5767441860465117,0.49,0.2704940963415868,0,100,4.0846,9.8432,6.77808,2,5,10,14,21,28,8.76973,3,6.2,12.5,18.7,27.7,37.9,6.64324,2.6,5.2,9.7,13.9,20.6,27.704,7.11374,1.5,5,10.5,15,23.5,33,6.71207,8.96442,6.60323,7.95214,0.64764,0.15764,0.03732,0.095,0.06808,0.00928,0.44604,0.4408,0.82548,0.34216,4.35588,0.9376,0,0,0,0,0,0,0
43292186,A.J. Ewing,OF,5,NYM,CIN,Confirmed,3500,0,6.78,,6.78,1.937142857142857,1.13,0.7755122106244134,0,100,4.3026,8.966000000000001,6.77504,2,5,10,14,21,30,8.90989,3,6.2,12.7,18.7,27.9,40.101,6.72842,2.6,5.2,9.7,14.2,20.6,28.6,6.75278,1,4.5,10.5,15.5,23.5,33.5,6.93808,9.31923,6.82625,8.20894,0.50648,0.14476,0.0288,0.10088,0.12852,0.0206,0.40796,0.44884,1.3946,0.4682,4.22048,0.7809200000000001,0,0,0,0,0,0,0
43292262,Austin Slater,OF,5,TB,LAD,,2800,0,6.76,,6.76,2.414285714285714,3.43,3.0375056869797223,0,100,4.4394,9.7982,6.75804,2,5,10,14,21,28,8.88821,3,6,12.7,18.7,27.9,38.1,6.71724,1.9,4.5,9.7,14.2,20.6,28.102,7.07892,1,4.5,10.5,16.5,24,33.5,6.89582,9.28518,6.8254,8.26645,0.516,0.15436,0.02912,0.1242,0.0704,0.01084,0.44056,0.46828,0.99608,0.3968,4.1732,0.8236800000000001,0,0,0,0,0,0,0
43292229,Cole Carrigg,OF,6,COL,CHC,Confirmed,3000,0,6.76,,6.76,2.2533333333333334,1.3,0.9213563541445655,0,100,4.0846,9.8432,6.75808,2,5,10,14,21,30.01,8.75462,3,6,12.5,18.7,28.005,40.9,6.64255,1.9,4.5,9.7,14.2,20.6,30.3,7.06844,1,4.5,10.5,16,24,36.5,7.04795,9.42223,6.95533,8.38842,0.55684,0.15728,0.03788,0.12264,0.08596,0,0.4302,0.42628,0.9408,0.31448,4.06664,0.87464,0,0,0,0,0,0,0
43292287,Logan O'Hoppe,C,7,LAA,ARI,Confirmed,2500,0,6.66,,6.66,2.664,5.41,5.377123588488051,0,100,4.6164,9.5328,6.66356,2,5,10,14,21,30,8.71612,3,6,12.7,18.7,27.9,40.4,6.5682,1.9,4.5,9.7,14.2,20.6,29.303,7.07366,1,4.5,11,16,24,34.505,6.91891,9.29069,6.83325,8.31902,0.51616,0.16784,0.06248,0.10732,0.05076,0.0074,0.43272,0.49156,0.93652,0.30024,4.06468,0.8537999999999999,0,0,0,0,0,0,0
43292198,Cedric Mullins,OF,8,TB,LAD,,3400,0,6.61,,6.61,1.9441176470588235,1.36,0.9454352581540242,0,100,4.4394,9.7982,6.60892,0,5,10,14,21,28,8.60115,0,6.2,12.5,18.7,27.7,37.702,6.45611,0,4.5,9.7,13.9,20.3,27.103,6.8094,0,5,10.5,15,23,32,6.818,9.05437,6.63448,7.83991,0.50732,0.14716,0.03312,0.08756,0.17036,0.02768,0.42184,0.4054,0.72456,0.35216,3.87544,0.77516,0,0,0,0,0,0,0
43292215,Josh Bell,1B,5,MIN,TEX,Confirmed,3200,0,6.59,,6.59,2.059375,1.03,0.6743334583368329,0,100,4.038,8.624600000000001,6.58587,2,5,10,14,21,30,8.63207,3,6,12.5,18.515,28.2,40.4,6.55029,2.6,4.5,9.7,13.9,20.6,29.303,6.93033,1.5,4.5,10.5,15,24,35.005,6.82326,9.18982,6.76106,8.2182,0.5542,0.163667,0.0323333,0.106733,0.0444,0.00866667,0.416667,0.461067,0.946,0.400733,4.18587,0.8569333,0,0,0,0,0,0,0
43292247,Cam Smith,OF,7,HOU,DET,Confirmed,2900,0,6.54,,6.54,2.2551724137931033,1.89,1.4596845021848974,0,100,4.6314,9.278400000000001,6.5374,2,5,10,14,20,28,8.56538,3,6.2,12.4,18.4,25.9,37.101,6.44384,2.6,4.5,9.4,13.5,19.4,27,6.73308,1,4.5,10,15,23,32,6.5572,8.78702,6.43892,7.74887,0.54504,0.14252,0.0252,0.093,0.1072,0.01432,0.42532,0.44192,0.95688,0.3938,3.94792,0.8057599999999999,0,0,0,0,0,0,0
43292241,Donovan Walton,3B,8,LAA,ARI,Confirmed,3000,0,6.53,,6.53,2.1766666666666667,1.28,0.8903826958155266,0,100,4.6164,9.5328,6.53372,2,5,10,14,19,27,8.44397,3,6.2,12.4,18.2,25.2,37.4,6.392,1.9,4.5,9.7,13.2,18.7,27,6.92082,1.5,5,10.5,15,22.5,32,6.51865,8.6324,6.37225,7.65745,0.5698,0.17396,0.08516,0.06052,0.06868,0.01232,0.42736,0.42724,0.6786,0.30772,3.95584,0.88944,0,0,0,0,0,0,0
43292289,Blaze Jordan,3B,8,STL,SD,Confirmed,2500,0,6.53,,6.53,2.612,1.33,0.9333384861378202,0,100,4.7374,8.9658,6.53324,2,5,10,14,20,28,8.5638,3,6.2,12.5,18.4,25.7,37.4,6.43411,2.6,4.5,9.4,13.5,19.4,27.4,6.9433,1.5,5,10.125,15,23,32.005,6.55207,8.81903,6.44545,7.795,0.56392,0.15636,0.03116,0.08896,0.07712,0,0.43928,0.46508,0.68668,0.36324,3.80048,0.8404,0,0,0,0,0,0,0
43292286,Taylor Trammell,OF,6,HOU,DET,Confirmed,2500,0,6.5,,6.5,2.6,1.92,1.4882253489699038,0,100,4.6314,9.278400000000001,6.50128,2,5,10,14,19,28,8.53589,3,6,12.4,18.2,25.7,37.402,6.45317,2.6,4.5,9.4,13.5,19.4,27.4,6.70818,1.5,4.5,10,14.5,22.5,32,6.562,8.81335,6.46672,7.79691,0.53212,0.14584,0.02512,0.0938,0.09388,0.01252,0.41464,0.43112,0.95276,0.43792,4.01608,0.79688,0,0,0,0,0,0,0
43292391,Alejandro Osuna,OF,6,TEX,MIN,Confirmed,2500,0,6.5,,6.5,2.6,1.28,0.9084344118620492,0,100,4.5866,8.624600000000001,6.4952,2,5,9,13,19,27,8.55915,3,6.2,12.2,16.2,25.2,35.401,6.48485,2.6,5.2,9.4,12.3,18.7,25.804,6.70873,1.5,5,10,14,22,31,6.28556,8.39782,6.16631,7.31502,0.527733,0.149667,0.0228667,0.0687333,0.115933,0.0188667,0.428267,0.391,0.705333,0.5376,3.94187,0.769,0,0,0,0,0,0,0
43292199,Luke Keaschall,2B,7,MIN,TEX,Confirmed,3400,0,6.46,,6.46,1.9,0.68,0.42428415697956645,0,100,4.038,8.624600000000001,6.4636,2,5,10,14,19,27,8.34149,3,6,12.4,18.2,25.2,35.415,6.31458,1.9,4.5,9.4,13.2,18.7,26.5,6.59143,1,5,10,14,22,31,6.49262,8.57126,6.30283,7.44763,0.566267,0.162067,0.0298,0.0658,0.159,0.0248,0.375133,0.377733,0.779133,0.378667,4.00507,0.8239339999999999,0,0,0,0,0,0,0
43292240,Ty France,1B,7,SD,STL,Confirmed,3000,0,6.45,,6.45,2.15,0.52,0.2934070174112294,0,100,4.2284,8.9658,6.44724,2,5,10,13,19,27,8.33053,3,6.2,12.4,16.2,25.2,35.4,6.26204,1.9,4.5,9,12.3,18.7,25.807,6.89736,1.5,5,10,14,22.5,31.5,6.35339,8.51678,6.21667,7.54462,0.68296,0.17092,0.03164,0.07208,0.04808,0.00852,0.41856,0.48012,0.64024,0.26604,4.015,0.9576,0,0,0,0,0,0,0
43292288,Pavin Smith,1B,8,ARI,LAA,Confirmed,2500,0,6.4,,6.4,2.56,1.05,0.6945917244671856,0,100,4.9164,9.5328,6.39544,2,5,9,13,19,26,8.60444,3,6.2,12.4,16.2,25.4,35.4,6.50759,2.6,4.5,9.7,12.3,18.7,26.502,6.60066,1.5,4.5,10,14,22,31.005,6.33566,8.5839,6.29017,7.57253,0.40784,0.13968,0.0518,0.07472,0.06192,0.0102,0.46748,0.423,0.97316,0.61068,3.86216,0.67404,0,0,0,0,0,0,0
43292285,Elias Diaz,C,9,TEX,MIN,Confirmed,2500,0,6.39,,6.39,2.5559999999999996,2.43,2.009809861269813,0,100,4.5866,8.624600000000001,6.38847,2,5,9,14,20,27.01,8.44515,3,6.2,12.25,18.7,27.7,37.6,6.35054,1.9,4.5,9,13.5,19.9,27,6.8186,1.5,4.5,10,15.5,23,33,6.55512,8.88353,6.50176,7.90854,0.524867,0.1424,0.0194,0.111867,0.0436,0.00826667,0.4616,0.460467,0.728,0.382933,3.6398,0.7985339999999999,0,0,0,0,0,0,0
43292281,Sung-Mun Song,2B/SS,8,SD,STL,Confirmed,2500,0,6.39,,6.39,2.5559999999999996,2.06,1.6495188518964408,0,100,4.2284,8.9658,6.38748,2,5,10,13,19,27,8.40518,3,6,12.25,16.5,25.7,37.4,6.34507,2.6,4.5,9.4,12.5,19.1,26.703,6.54096,1,4.5,10,14,22,31.5,6.46056,8.6598,6.33408,7.55749,0.52332,0.13504,0.0318,0.07188,0.11072,0.01484,0.41548,0.41104,0.8852,0.48124,3.89816,0.76204,0,0,0,0,0,0,0
43292172,Ezequiel Tovar,SS,5,COL,CHC,Confirmed,3800,0,6.34,,6.34,1.668421052631579,1.64,1.2015409791104867,0,100,4.0846,9.8432,6.345,0,5,9,14,20,28,8.2623,0,6,12.2,18.7,27.7,37.9,6.24388,0,4.5,9,13.9,19.9,27.707,6.5016,0,4,9.5,15.5,23,33.005,6.8267,9.1531,6.74486,8.19853,0.51724,0.15728,0.0302,0.11924,0.06256,0.0104,0.4216,0.42884,1.25048,0.2796,4.16924,0.82396,0,0,0,0,0,0,0
43292320,Jimmy Crooks,C,7,STL,SD,Confirmed,2200,0,6.31,,6.31,2.8681818181818177,4.62,4.431146523568832,0,100,4.7374,8.9658,6.31396,2,5,9,13,19,27,8.33768,3,6,12.2,18.2,25.7,37.601,6.26782,1.9,4.5,9,13.2,19.4,27,6.5711,1,4.5,10,14,23,32.505,6.48762,8.75465,6.3927,7.77047,0.51112,0.14904,0.02524,0.08976,0.07428,0.01028,0.41312,0.46156,0.94732,0.40756,3.90988,0.7751600000000001,0,0,0,0,0,0,0
43292272,Nick Fortes,C,7,TB,LAD,,2700,0,6.27,,6.27,2.322222222222222,2.52,2.107147241821644,0,100,4.4394,9.7982,6.26824,2,5,9,13,19,27,8.09776,3,6,12.2,16.2,25.2,36.902,6.1157,1.9,4.5,9,12.3,18.7,26.7,6.7029,1,5,10,14,22.5,31.505,6.41944,8.56914,6.29797,7.5611,0.59884,0.17632,0.01884,0.08776,0.07508,0.0116,0.4016,0.42048,0.53964,0.27112,3.99,0.8817600000000001,0,0,0,0,0,0,0
43292217,Ben Williamson,2B/SS,6,TB,LAD,,3100,0,6.27,,6.27,2.02258064516129,3.65,3.3266678538160335,0,100,4.4394,9.7982,6.2674,2,5,9,13,19,26,8.05798,3,6,12.2,15.7,24.9,35.1,6.11284,1.9,4.5,9,12,18.7,25.104,6.5298,1.5,5,9.5,13.5,21.5,30.5,6.17692,8.19914,6.03177,7.20733,0.6178,0.1838,0.03356,0.05996,0.08884,0.01464,0.3878,0.39108,0.72496,0.31248,4.12404,0.89512,0,0,0,0,0,0,0
43292305,Zach McKinstry,2B/OF,8,DET,HOU,Confirmed,2300,0,6.25,,6.25,2.717391304347826,3.01,2.619188909494644,0,100,4.647,9.278400000000001,6.25048,2,5,9,13,19,26.01,8.19651,3,6,12.2,16.2,25.4,36.9,6.16332,1.9,4.5,9,12.3,18.7,26.5,6.4382,0.5,4.5,9.5,14,22,31,6.43547,8.60767,6.28769,7.50225,0.5342,0.14236,0.02792,0.06708,0.11256,0.019,0.40864,0.41548,0.80128,0.41544,3.97896,0.77156,0,0,0,0,0,0,0
43292210,Jeff McNeil,2B,9,ATH,PIT,Confirmed,3200,0,6.23,,6.23,1.9468750000000001,2.13,1.7389876280451078,0,100,5.2402,10.499600000000001,6.23268,2,5,9,12,19,26,8.19173,3,6,12.2,15.9,25.2,34.9,6.1503,1.9,4.5,9,11.6,18.7,25.8,6.68696,1.5,5,9.5,13.5,22,30.505,6.19509,8.33468,6.09992,7.35988,0.54984,0.19428,0.02996,0.06472,0.0452,0.0086,0.47544,0.43128,0.55376,0.34272,3.70604,0.8388,0,0,0,0,0,0,0
43292235,Brice Matthews,2B/OF,8,HOU,DET,Confirmed,3000,0,6.23,,6.23,2.0766666666666667,2.02,1.5679478351463971,0,100,4.6314,9.278400000000001,6.22792,0,4,9,14,19,28,8.177,0,6,12.2,18.4,25.7,37.7,6.12647,0,4.5,9,13.245,18.7,27.7,6.38526,0,4,9,15,22.5,32.505,6.66811,8.98369,6.56691,7.97456,0.50536,0.12748,0.017,0.11132,0.09124,0.01336,0.4166,0.44576,1.10188,0.32216,3.79772,0.7611600000000001,0,0,0,0,0,0,0
43292155,Jake McCarthy,OF,7,COL,CHC,Confirmed,4100,0,6.18,,6.18,1.5073170731707317,0.14,0.05512748802245147,0,100,4.0846,9.8432,6.1816,0,5,10,13,19,28,7.91662,0,6,12.2,16.2,25.2,37.4,5.98268,0,4.5,9,12.3,18.7,27.4,6.33724,0,4,9.5,14,22,32,6.58431,8.68052,6.39932,7.63332,0.55856,0.14212,0.04508,0.07936,0.12812,0.02236,0.3792,0.3698,0.8192,0.25124,3.83596,0.82512,0,0,0,0,0,0,0
43292239,Taylor Walls,SS,9,TB,LAD,,3000,0,6.16,,6.16,2.0533333333333332,1.26,0.8642650651562929,0,100,4.4394,9.7982,6.16,0,4,9,13,19,26.01,8.06992,0,6,12.2,16.2,25.2,35.202,6.07023,0,4.5,9,12.3,18.7,25.8,6.21054,0,4,9.5,13.5,21.025,31,6.49698,8.62013,6.32406,7.41341,0.44864,0.15184,0.02984,0.06544,0.1616,0.022,0.4174,0.3508,0.85844,0.40868,3.80612,0.6957599999999999,0,0,0,0,0,0,0
43292252,Kyle Karros,3B,8,COL,CHC,Confirmed,2800,0,6.15,,6.15,2.196428571428571,0.66,0.3766884666186642,0,100,4.0846,9.8432,6.1452,0,5,9,13,19,27,7.99305,0,6,12.2,16,25.2,37.4,6.05319,0,4.5,9,12.3,18.7,27,6.41712,0,4.5,9.5,14,22,32,6.41778,8.59192,6.32821,7.61742,0.54792,0.159,0.02716,0.088,0.06676,0.00848,0.40444,0.40072,0.83144,0.33252,3.81732,0.8220799999999999,0,0,0,0,0,0,0
43292325,Will Wagner,1B/3B,6,SD,STL,Confirmed,2100,0,6.13,,6.13,2.919047619047619,2.82,2.353011405665442,0,100,4.2284,8.9658,6.12528,2,5,9,12,18,25,7.96918,3,6,12.2,15.7,24.7,34.6,6.04463,2.6,4.5,9,11.6,18,25.1,6.3646,1.5,4.5,9.5,13,20,29.5,5.90859,7.89304,5.79535,6.93222,0.60332,0.17116,0.0322,0.04812,0.06232,0.00936,0.4068,0.39212,0.76144,0.40564,4.0918,0.8548,0,0,0,0,0,0,0
43292227,Brett Baty,3B,7,NYM,CIN,Confirmed,3100,0,6.11,,6.11,1.970967741935484,0.75,0.44195594790153764,0,100,4.3026,8.966000000000001,6.11248,0,4,9,14,20,28,8.06929,0,6,12.2,18.5,27.4,38.2,6.11329,0,4.5,9,13.5,19.9,28.202,6.187,0,3.5,9.5,14.575,23,33.5,6.71377,9.04291,6.64663,8.07236,0.43656,0.13712,0.02668,0.11224,0.07112,0.01216,0.39056,0.41284,1.28664,0.40948,3.93544,0.7126,0,0,0,0,0,0,0
43292216,Francisco Alvarez,C,9,NYM,CIN,Confirmed,3200,0,6.09,,6.09,1.903125,1.19,0.8095651938827783,0,100,4.3026,8.966000000000001,6.08768,0,4,9,14,20,28,8.02636,0,6,12.2,18.7,27.7,37.903,6.06217,0,4.5,9,14.2,19.9,28.4,6.34746,0,4,9.5,16,23,33.505,6.77485,9.15436,6.73497,8.18446,0.46136,0.13524,0.02128,0.12596,0.04292,0.00732,0.4298,0.41976,1.03636,0.34192,3.78944,0.74384,0,0,0,0,0,0,0
43292237,Nathan Church,OF,9,STL,SD,Confirmed,3000,0,6.07,,6.07,2.0233333333333334,0.57,0.31882453030855945,0,100,4.7374,8.9658,6.0696,0,5,9,12,19,26,7.92708,0,6,12.2,16,25.2,35.2,5.93027,0,4.5,9,11.6,18.7,25.8,6.32296,0,4.5,9.5,13.5,22,31,6.30371,8.44028,6.15959,7.40733,0.53752,0.15496,0.01608,0.07716,0.09992,0.01416,0.4294,0.41024,0.73632,0.30156,3.6728,0.78572,0,0,0,0,0,0,0
43292291,James Outman,OF,9,DET,HOU,Confirmed,2500,0,6.04,,6.04,2.4160000000000004,0.85,0.5253900165937938,0,100,4.647,9.278400000000001,6.04084,0,4,9,14,19,28,8.03648,0,6,12.2,18.4,25.7,37.6,6.04696,0,4.5,9,13.2,18.72,27.4,6.04822,0,3.5,9,14,22.5,32.5,6.62691,8.94233,6.54415,7.88806,0.41176,0.1258,0.02252,0.09988,0.0924,0.01304,0.41488,0.40876,1.28804,0.44416,3.86112,0.65996,0,0,0,0,0,0,0
43292322,Edwin Arroyo,2B/SS,9,CIN,NYM,Confirmed,2100,0,6.04,,6.04,2.876190476190476,4.16,3.879693156207994,0,100,4.6634,8.966000000000001,6.04284,0,5,9,12,19,27,7.9166,0,6,12.2,15.9,25.2,35.403,5.9694,0,4.5,9,12,18.7,25.807,6.29838,0,4,9,13.5,22.5,31,6.306,8.47933,6.2154,7.49547,0.50932,0.14572,0.02764,0.08456,0.07596,0,0.40168,0.4102,0.84236,0.358,3.6752,0.7672399999999999,0,0,0,0,0,0,0
43292639,Tobias Myers,P,,NYM,CIN,Confirmed,5600,0,6.01,,6.01,1.0732142857142857,0.38,0.15757996514879907,0,100,4.3026,8.966000000000001,6.01268,1.15,6.425,11.15,13.65,18.0525,23.451,12.0546,6,12,19,22,28,36,7.06707,1.5,7.5,12.85,15.5,20.6,27.1,9.6768,3,10,17,20.5,26.5,34.5,7.54648,9.99155,8.52861,10.5359,2.17036,0.6892,0.09828,0.5856,0,0,2.03372,0,2.502,1.19648,14.3783,3.54344,1.86928,3.30183,0.04052,0.00196,0,0,56.0367
43292274,Colt Keith,3B,6,DET,HOU,Confirmed,2600,0,5.98,,5.98,2.3,1.33,0.9440094994776095,0,100,4.647,9.278400000000001,5.97916,2,5,9,12,18,25,7.79542,3,6,12,15.5,24.9,34.7,5.90508,2.6,4.5,8.7,11.6,18,25.1,6.2093,1.5,4.5,9,13,21,30,5.89087,7.90485,5.78653,6.98034,0.59044,0.1468,0.01892,0.0656,0.05976,0.009,0.39568,0.3932,0.78244,0.39496,3.80648,0.82176,0,0,0,0,0,0,0
43292299,Nicky Lopez,2B,8,TEX,MIN,Confirmed,2400,0,5.91,,5.91,2.4625,0.9,0.577583443778618,0,100,4.5866,8.624600000000001,5.90593,0,4,9,12,18,26,7.69649,0,6,12.2,15.7,24.9,34.903,5.8029,0,4.5,9,11.6,18,25.1,6.17967,0,4,9,13,21.5,31,6.13078,8.19193,5.98924,7.20845,0.551,0.1472,0.0288,0.0617333,0.0788,0.0138667,0.395133,0.391333,0.6488,0.351133,3.7698,0.7887333000000001,0,0,0,0,0,0,0
43292230,Alex Freeland,2B,9,LAD,TB,Confirmed,3000,0,5.9,,5.9,1.966666666666667,2.61,2.1858091177505496,0,100,5.3588,9.7982,5.89708,0,4,9,12,19,26,7.77016,0,6,12.2,16,25.2,35.2,5.84523,0,4.5,9,12,18.7,25.8,6.14496,0,4,9,14,22.025,31,6.35464,8.55272,6.2793,7.59112,0.47628,0.14084,0.02676,0.09188,0.05196,0.0074,0.4596,0.38432,0.85688,0.34176,3.60792,0.73576,0,0,0,0,0,0,0
43292294,Rodolfo Duran,C,9,SD,STL,Confirmed,2400,0,5.8,,5.8,2.416666666666667,1.34,0.9390725031809006,0,100,4.2284,8.9658,5.79988,0,4,9,13,19,27,7.58303,0,6,12.2,16,25.2,37.2,5.68928,0,4.5,9,12.3,18.7,27,6.08582,0,3.5,9,14,22,32,6.45093,8.65736,6.33164,7.64939,0.502,0.14468,0.0314,0.07904,0.06848,0.00972,0.38824,0.41924,0.77852,0.28576,3.78324,0.75712,0,0,0,0,0,0,0
43292209,Braxton Fulford,C,9,COL,CHC,Confirmed,3300,0,5.78,,5.78,1.7515151515151515,0.31,0.1506677294604785,0,100,4.0846,9.8432,5.77692,0,3,9,13,19,27,7.54854,0,3.5,12,18.2,25.4,35.712,5.68426,0,2.6,8.7,13.2,18.7,26.5,6.00572,0,3,9,14,22.5,32,6.63783,8.87688,6.53305,7.88753,0.45248,0.131,0.03488,0.1016,0.07192,0.0122,0.38328,0.39808,0.90848,0.27356,3.6832,0.71996,0,0,0,0,0,0,0
43292276,MJ Melendez,OF,8,NYM,CIN,Confirmed,2600,0,5.69,,5.69,2.1884615384615382,0.46,0.24386835488494682,0,100,4.3026,8.966000000000001,5.68528,0,3,9,14,20,29,7.55616,0,3.2,12,18.4,25.7,38.403,5.71611,0,2.6,8.7,13.5,19.4,28.4,5.7513,-0.5,2.5,8.5,14.575,23,34,6.80935,9.17986,6.76004,8.18055,0.33628,0.126,0.03096,0.1158,0.06972,0.01172,0.37792,0.38188,1.24596,0.38628,3.75984,0.60904,0,0,0,0,0,0,0
43292242,Ryan Kreidler,SS/OF,8,MIN,TEX,Confirmed,2900,0,5.55,,5.55,1.9137931034482758,0.64,0.36954206369215703,0,100,4.038,8.624600000000001,5.551,0,3,8,12,18,27,7.26475,0,3.5,9.7,15.4,25.2,36.9,5.4979,0,2.6,7.8,11.6,18.415,26.502,5.55593,0,3,8,12,21.5,31.005,6.38006,8.51405,6.25481,7.50314,0.445867,0.122267,0.0262667,0.0764667,0.0976667,0.0175333,0.344933,0.352333,1.06733,0.3722,3.83013,0.6708674,0,0,0,0,0,0,0
43292304,Christian Vazquez,C,9,HOU,DET,Confirmed,2300,0,5.4,,5.4,2.347826086956522,2.33,1.8750507532368592,0,100,4.6314,9.278400000000001,5.39904,0,4,8,11,17,25,7.04267,0,6,9.5,15.2,22.405,33.905,5.30062,0,4.5,7.1,10.9,16.8,24.4,5.65856,0,3.5,8,12,20,29,5.82759,7.82429,5.71866,6.88396,0.53972,0.13676,0.00944,0.06456,0.05184,0.00876,0.39296,0.36,0.6304,0.30492,3.66508,0.75048,0,0,0,0,0,0,0
43292324,Alex Jackson,C,9,MIN,TEX,Confirmed,2100,0,5.1,,5.1,2.4285714285714284,1.39,0.9830749425892664,0,100,4.038,8.624600000000001,5.10213,0,3,7,12,18.05,26,6.72623,0,3,9.5,15.4,25.2,34.9,5.09019,0,2.6,7.1,11.6,18.7,25.8,5.1411,-0.5,2.5,8,12.5,22,31,6.3095,8.49033,6.25149,7.6145,0.3868,0.120467,0.0237333,0.0936667,0.0395333,0.00786667,0.341333,0.354333,1.199,0.311933,3.7406,0.624667,0,0,0,0,0,0,0
43292791,Wandy Peralta,P,,SD,STL,Confirmed,4000,0,3.28,,3.28,0.82,0.01,0.0016281937739211988,0,100,4.2284,8.9658,3.28424,0.05,3.95,6.95,8.65,10.95,14,6.98804,3,8,12,14,17,21,3.87045,0.4,4.4,8.2,10.1,13,16,5.41818,1,6.5,10.5,13,16,20,5.36267,6.85439,6.07501,7.40865,1.4096,0.35428,0.0674,0.21988,0,0,1.22052,0,1.41936,1.08856,9.05732,2.05116,1.12752,2.03751,0,0,0,0,34.8821
43292863,A.J. Minter,P,,NYM,CIN,,4000,0,3.03,,3.03,0.7575,0,0,0,100,4.3026,8.966000000000001,3.03242,0.45,3.05,5.65,7,9.25,11.75,5.37396,2,6,9,11,14,18,0.495544,-1.8,1.1,3.1,4,6,8,4.71704,1.375,5,8.5,10,14,17.5,4.00076,5.32076,3.59883,5.62334,0.48856,0.14328,0.02336,0.1232,0,0,0.47856,0,1.09512,0.53544,4.09908,0.7784,0.4414,0,0.09264,0,0,0,16.8349
43292782,Devin Williams,P,,NYM,CIN,,4000,0,3.03,,3.03,0.7575,0,0,0,100,4.3026,8.966000000000001,3.03354,0,2.25,5.5,7.3,11.3,16.95,5.13044,0,4,9,12,18,26,0.957764,0,0,2.2,4,6.2,11.1,6.31126,0,5,10,14,21.525,30,4.39654,6.46018,3.31806,7.67419,0.35948,0.11864,0.0162,0.08564,0,0,0.3178,0,1.11768,0.39488,3.2958,0.57996,0.29396,0,0.04692,0,0,0,14.0472
43292773,Huascar Brazoban,P,,NYM,CIN,,4000,0,2.88,,2.88,0.72,0,0,0,100,4.3026,8.966000000000001,2.87955,0.3,2.9,5.65,7,9,11.75,5.07512,2,5,9,10,14,17,0.417196,-1.8,0.2,2.2,4,6,8,4.46134,1,4.5,8,10,13.5,17,3.86253,5.17812,3.44923,5.44014,0.5022,0.14272,0.02484,0.12256,0,0,0.44728,0,0.99684,0.43524,3.94852,0.7923199999999999,0.4116,0,0.08788,0,0,0,16.0246
43292740,Will Vest,P,,DET,HOU,,4000,0,2.68,,2.68,0.67,0,0,0,100,4.647,9.278400000000001,2.68438,0.3,2.9,5.0125,6.4,9,11.75,4.81336,2,5,8,10,13,17,0.030264,-1.8,0.2,2,3.1,6,8,4.16644,1,4.5,7.5,9.5,13,17,3.8159,5.05992,3.44538,5.35437,0.64532,0.15468,0.02244,0.11148,0,0,0.47508,0,0.81748,0.35992,4.23296,0.9339200000000001,0.43972,0,0.1098,0,0,0,16.6566
43292774,Kenley Jansen,P,,DET,HOU,,4000,0,2.65,,2.65,0.6625,0,0,0,100,4.647,9.278400000000001,2.65333,0,2.3,5,6.4,9.75,13.502,4.6968,1,4,8,10,15,21,0.15292,-0.9,0,2,3.1,5.1,8,5.8246,0.875,5,10,12.5,18.5,25.005,3.95279,5.52869,3.26844,6.87656,0.54124,0.14272,0.01148,0.114,0,0,0.41856,0,0.90396,0.38376,3.97528,0.8094400000000002,0.38544,0,0.04744,0,0,0,15.8237
43292843,Steven Okert,P,,HOU,DET,,4000,0,2.54,,2.54,0.635,0,0,0,100,4.6314,9.278400000000001,2.53677,0,2.4,5,6.25,8.4,11.0005,4.52404,1,5,8,10,13,16,0.222316,-1.6,0,2,3.1,5.1,8,3.94266,0,4,7.5,9,12.5,16,3.64391,4.90129,3.19348,5.12737,0.46848,0.13344,0.01592,0.08828,0,0,0.39768,0,0.9046,0.45664,3.71824,0.7061200000000001,0.36844,0,0.04912,0,0,0,14.9969
43292793,Brooks Raley,P,,NYM,CIN,,4000,0,2.54,,2.54,0.635,0,0,0,100,4.3026,8.966000000000001,2.53815,0.15,2.9,5,6.25,8.4,11,4.60644,1,5,8,9,13,16,0.1161,-1.8,0.2,2,3.1,5.1,8,3.97334,0.5,4,7.5,9,12,16,3.68642,4.87407,3.30334,5.15998,0.46456,0.16108,0.01964,0.11272,0,0,0.44724,0,0.96852,0.5082,3.91568,0.758,0.413,0,0.03616,0,0,0,15.8104
43292822,Paul Sewald,P,,ARI,LAA,,4000,0,2.51,,2.51,0.6275,0,0,0,100,4.9164,9.5328,2.5086,0,2.4,4.9,6.25,8.4,11.15,4.388,0,4,8,9,13,17,0.36084,-0.9,0,2,3.1,5.1,8,3.8706,0,4,7,9,12.5,16.5,3.54753,4.84063,3.06726,5.01628,0.38856,0.13536,0.0462,0.08336,0,0,0.36012,0,0.88644,0.38132,3.42432,0.6534800000000001,0.3314,0,0.04552,0,0,0,13.7191
43292870,Enmanuel De Jesus,P,,DET,HOU,,4000,0,2.46,,2.46,0.615,0,0,0,100,4.647,9.278400000000001,2.4621,0,2.4,5,6.4,9,11.2505,4.49276,1,4,8,10,13,17,0.024652,-1.8,0,2,3.1,6,8,3.8581,0,4,7.5,9.5,13,16.505,3.84758,5.16734,3.42166,5.41832,0.5892,0.14152,0.02452,0.10792,0,0,0.46268,0,0.79684,0.40616,3.93468,0.8631599999999999,0.4282,0,0.10744,0,0,0,15.3856
43292088,David Peterson,P,,NYM,CIN,,6300,0,2.41,,2.41,0.38253968253968257,0,0,0,100,4.3026,8.966000000000001,2.40998,0,2.4,5,6.4,9,11.75,4.45484,0,5,8,10,13,17,-0.084116,-1.8,0,2,3.1,6,8,3.79402,0,4,7.5,9.5,13,17,3.91958,5.25685,3.49414,5.51446,0.56424,0.17188,0.0258,0.1266,0,0,0.50732,0,0.83588,0.43312,4.04432,0.88852,0.46744,0,0.09212,0,0,0,15.1223
43292769,Blake Treinen,P,,LAD,TB,,4000,0,2.38,,2.38,0.595,0,0,0,100,5.3588,9.7982,2.37516,0,2.3,4.55,6.25,8.25,11,4.27384,0,4,7,9,12,16,0.126856,-1.6,0,2,3.1,5.1,8,3.70236,0,3.5,7,9,12,16,3.53458,4.77534,3.10448,4.98039,0.46572,0.13212,0.0184,0.09724,0,0,0.38956,0,0.82356,0.42948,3.61472,0.71348,0.35908,0,0.05664,0,0,0,14.4221
43292716,Mason Montgomery,P,,PIT,ATH,,4000,0,2.36,,2.36,0.59,0,0,0,100,5.2594,10.499600000000001,2.35756,0,2.3,4.9,6.25,8.5,11.15,4.30936,0,4,8,9,13,17,0.227972,-1.6,0.2,2,3.1,6,8,3.7157,0,4,7.5,9,12.5,16.5,3.78259,5.10404,3.33614,5.33372,0.43124,0.13924,0.02236,0.09488,0,0,0.44044,0,0.9664,0.4996,3.48912,0.68772,0.40788,0,0.04488,0,0,0,14.433
43292876,Alex Vesia,P,,LAD,TB,,4000,0,2.35,,2.35,0.5875,0,0,0,100,5.3588,9.7982,2.35005,0,2.3,4.4,5.8,8.25,11,4.17924,0,4,7,9,12,16,0.232844,-0.9,0,2,3.1,5.1,7.1,3.64922,0,3.5,7,8.5,12,16,3.44446,4.66051,3.0022,4.85402,0.40408,0.11196,0.0176,0.07984,0,0,0.34776,0,0.84364,0.44656,3.39288,0.61348,0.32164,0,0.03572,0,0,0,14.2163
43292764,Josh Hader,P,,HOU,DET,,4000,0,2.33,,2.33,0.5825,0,0,0,100,4.6314,9.278400000000001,2.33422,0,0.75,4.25,6.25,10.3025,15.1015,4.08928,0,2,7,10,16,24,0.44008,0,0,2,3.1,6,9.1,5.0136,0,4,9,12,17.5,24.505,4.08268,6.05402,3.16286,6.63687,0.35828,0.11304,0.01384,0.078,0,0,0.32192,0,0.80844,0.38804,3.03768,0.56316,0.29756,0,0.0686,0,0,0,12.4392
43292847,Kevin Ginkel,P,,ARI,LAA,,4000,0,2.31,,2.31,0.5775,0,0,0,100,4.9164,9.5328,2.30741,0,2.25,4.45,5.9,8.25,10.5005,4.0846,0,4,7,9,12,16,0.216748,-0.9,0,2,3.1,5.1,7.1,3.57306,0,3,7,9,12,15.5,3.47091,4.71532,3.01944,4.89705,0.40584,0.13908,0.05336,0.06764,0,0,0.35332,0,0.82056,0.35716,3.33872,0.66592,0.3258,0,0.037,0,0,0,13.3482
43292516,Ian Seymour,P,,TB,LAD,,8000,0,2.28,,2.28,0.285,0,0,0,100,4.4394,9.7982,2.28316,0,2.3,4.55,5.9,8.25,10.5005,4.11964,0,4,7,9,12,16,0.06628,-1.8,0,2,3.1,5.1,7.1,3.55944,0,3.5,7,9,12,15.5,3.55851,4.78293,3.13563,5.00583,0.43036,0.12864,0.0272,0.12144,0,0,0.42464,0,0.84424,0.41276,3.56248,0.70764,0.3922,0,0.04264,0,0,0,14.5957
43292743,Tyler Holton,P,,DET,HOU,,4000,0,2.24,,2.24,0.56,0,0,0,100,4.647,9.278400000000001,2.243,0,2.3,4.9,6.25,8.4,11,4.1848,1,4,7,9,13,16.01,-0.437664,-1.8,0,2,3.1,5.1,8,3.51792,0,3.5,7,9,12.5,16,3.826,5.06756,3.45853,5.36111,0.65808,0.16032,0.02972,0.16656,0,0,0.55164,0,0.6676,0.31908,4.29464,1.01468,0.50616,0,0.10996,0,0,0,15.8773
43292831,Bryan King,P,,HOU,DET,,4000,0,2.23,,2.23,0.5575,0,0,0,100,4.6314,9.278400000000001,2.22906,0,2.3,4.4,5.75,7.75,10.4,4.06304,0,4,7,9,12,15,-0.04458,-1.8,0,2,3.1,4.2,7.1,3.48494,0,3.5,6.5,8.5,11.5,15,3.5028,4.69109,3.07927,4.91501,0.50604,0.13636,0.01896,0.08476,0,0,0.4048,0,0.806,0.41008,3.656,0.7461200000000001,0.37224,0,0.03212,0,0,0,14.3366
43292524,Jacob Latz,P,,TEX,MIN,,7800,0,2.18,,2.18,0.2794871794871795,0,0,0,100,4.5866,8.624600000000001,2.17602,0,2.25,4.4,5.75,8.25,10.5,3.91307,0,4,7,9,12,16,0.0453667,-0.9,0,2,3.1,5.1,7.1,3.38457,0,3,6.5,8.5,12,15.5,3.46875,4.69631,3.02344,4.88742,0.441733,0.125733,0.0257333,0.0734,0,0,0.3634,0,0.740267,0.3904,3.41207,0.6665993,0.3354,0,0.0467333,0,0,0,13.8587
43292690,Tanner Scott,P,,LAD,TB,,4000,0,2.17,,2.17,0.5425,0,0,0,100,5.3588,9.7982,2.17451,0,0.75,3.9,5.9,9.75,14.2,3.84404,0,2,6,9,15,22,0.22922,0,0,1.1,2.2,5.1,8.2,5.01406,0,4,9,12,17,23,3.79456,5.59537,3.04062,6.43564,0.39732,0.1022,0.0194,0.07524,0,0,0.31416,0,0.67084,0.36004,3.09624,0.59416,0.28868,0,0.08092,0,0,0,12.2266
43292806,Jakob Junis,P,,TEX,MIN,,4000,0,2.15,,2.15,0.5375,0,0,0,100,4.5866,8.624600000000001,2.14798,0,1.8,4.3,5.65,7.75,10.401,3.8214,0,3,7,9,12,15,-0.0333667,-0.9,0,1.3,3.1,4,7.1,3.31457,0,3,6.5,8.5,11.5,15,3.3647,4.55904,2.94313,4.74044,0.4448,0.1376,0.0297333,0.0948,0,0,0.370867,0,0.709933,0.306733,3.44933,0.7069333,0.344333,0,0.0369333,0,0,0,13.3725
43292688,Jacob Webb,P,,CHC,COL,,4000,0,2.14,,2.14,0.535,0,0,0,100,5.7586,9.8432,2.14113,0,1.65,4.4,5.75,7.9,10.5,3.80968,0,3,7,9,12,16,0.091936,-0.9,0,2,3.1,5.1,7.1,3.3152,0,3,6.5,8.5,11.525,15.5,3.44982,4.71024,2.97043,4.87258,0.40536,0.11316,0.02812,0.09352,0,0,0.36204,0,0.74172,0.3488,3.27172,0.6401600000000001,0.33512,0,0.0422,0,0,0,12.8487
43292609,Tony Santillan,P,,CIN,NYM,,6000,0,2.07,,2.07,0.345,0,0,0,100,4.6634,8.966000000000001,2.07467,0,0.75,3.7625,5.8,9.65,14.4505,3.72596,0,1,6,9,15,23,0.201096,0,0,1.1,2.4,5.3,9.1,4.74736,0,3,9,11.5,17,23,3.89188,5.72202,3.17596,6.5526,0.37696,0.10788,0.01776,0.10788,0,0,0.36924,0,0.7334,0.36448,3.02116,0.61048,0.33868,0,0.07228,0,0,0,12.4421
43292835,Kyle Finnegan,P,,DET,HOU,,4000,0,2.04,,2.04,0.51,0,0,0,100,4.647,9.278400000000001,2.03579,0,2.25,4.3,5.65,7.75,9.9,3.87832,1,4,7,9,11,15,-0.500696,-1.8,0,1.1,2.2,4,6,3.2218,0,3.5,6.5,8,11,14.5,3.55776,4.65417,3.20245,4.95525,0.60964,0.1594,0.00912,0.12992,0,0,0.49648,0,0.73248,0.40496,4.08944,0.90808,0.4582,0,0.03312,0,0,0,15.8628
43292760,Caleb Ferguson,P,,CIN,NYM,,4000,0,2.03,,2.03,0.5075,0,0,0,100,4.6634,8.966000000000001,2.03012,0,1.65,4.25,5.65,7.75,10.25,3.69012,0,3,7,9,12,15,-0.033468,-0.9,0,2,3.1,4,6.2,3.16966,0,3,6,8,11,15,3.4338,4.64702,2.99437,4.83545,0.44304,0.12184,0.02708,0.08892,0,0,0.3862,0,0.74784,0.36004,3.31764,0.68088,0.3576,0,0.03072,0,0,0,13.2966
43292706,Mark Leiter Jr.,P,,ATH,PIT,,4000,0,2.03,,2.03,0.5075,0,0,0,100,5.2402,10.499600000000001,2.03063,0,1.8,4.4,5.65,7.75,10.25,3.86908,0,4,7,9,12,15,-0.197544,-1.8,0,2,3.1,4.2,7.1,3.2404,0,3,6.5,8.5,11.5,15,3.5658,4.7554,3.18733,5.00022,0.52336,0.15776,0.02292,0.08592,0,0,0.44748,0,0.80724,0.4674,3.64704,0.7899600000000001,0.4106,0,0.0352,0,0,0,14.4948
43292866,Caleb Thielbar,P,,CHC,COL,,4000,0,2.02,,2.02,0.505,0,0,0,100,5.7586,9.8432,2.01674,0,1.65,4.25,5.65,7.65,10.25,3.603,0,3,6,9,11,15,0.032128,-0.9,0,2,3.1,4,6,3.12476,0,2.5,6,8,11,15,3.33634,4.55206,2.88055,4.70912,0.42168,0.11472,0.02664,0.09204,0,0,0.35268,0,0.71164,0.3014,3.16332,0.65508,0.32404,0,0.02944,0,0,0,12.4998
43292779,Ryan Thompson,P,,ARI,LAA,,4000,0,2.02,,2.02,0.505,0,0,0,100,4.9164,9.5328,2.02188,0,0.75,3.65,5.65,9.15,14.0005,3.58528,0,1,6,9,15,22,0.144884,0,0,1.1,2,5.1,8,4.54298,0,2.5,8.5,11,16,22.5,3.7192,5.4597,3.00695,6.25238,0.39356,0.121,0.04572,0.0664,0,0,0.31496,0,0.60964,0.28416,2.98208,0.62668,0.29132,0,0.082,0,0,0,11.6939
43292707,Justin Sterner,P,,ATH,PIT,,4000,0,2,,2,0.5,0,0,0,100,5.2402,10.499600000000001,1.99626,0,0.75,3.8,5.8,9.4,13.9005,3.69428,0,2,6,9,15,22,-0.044092,-0.7,0,1.1,2.2,5.1,8.2,4.4823,0,3,8.5,11,16.5,23,3.93473,5.68907,3.31855,6.50255,0.46816,0.13316,0.022,0.09108,0,0,0.39516,0,0.68296,0.38028,3.30356,0.7144000000000001,0.36736,0,0.07748,0,0,0,13.4188
43292865,Scott Barlow,P,,ATH,PIT,,4000,0,1.97,,1.97,0.4925,0,0,0,100,5.2402,10.499600000000001,1.96763,0,1.7,4.3,5.65,7.75,10.4,3.80512,0,4,7,9,12,16,-0.223616,-1.8,0,2,3.1,5.1,7.1,3.1636,0,3,6.5,8.5,11.5,15.005,3.63243,4.84349,3.24281,5.09625,0.45944,0.14924,0.0206,0.08724,0,0,0.46112,0,0.7938,0.56652,3.61512,0.7165199999999999,0.42344,0,0.0476,0,0,0,15.0836
43292695,Andrew Morris,P,,MIN,TEX,,4000,0,1.96,,1.96,0.49,0,0,0,100,4.038,8.624600000000001,1.95983,0,1.8,4.25,5.65,7.75,10.5,3.764,1,4,7,9,12,16,-0.53428,-1.8,0,1.1,2.2,4.2,7.1,3.1114,0,3,6,8,11.5,15,3.60043,4.74703,3.24153,5.02995,0.622133,0.163933,0.0430667,0.100267,0,0,0.483533,0,0.6298,0.3758,4.0216,0.9293997,0.4456,0,0.068,0,0,0,15.637
43292731,Kirby Yates,P,,LAA,ARI,,4000,0,1.96,,1.96,0.49,0,0,0,100,4.6164,9.5328,1.96114,0,1.65,4.25,5.65,7.75,10.5,3.72864,0,3,7,9,12,16,-0.141988,-1.8,0,2,3.1,5.1,7.1,3.12998,0,3,6,8.5,11.5,15.5,3.60328,4.83598,3.19893,5.06692,0.3808,0.14004,0.05656,0.08196,0,0,0.44244,0,0.79396,0.53796,3.45924,0.65936,0.40856,0,0.0412,0,0,0,14.3954
43292748,Taylor Rogers,P,,MIN,TEX,,4000,0,1.92,,1.92,0.48,0,0,0,100,4.038,8.624600000000001,1.92073,0,1.65,4.25,5.65,7.75,10.4,3.60753,0,3,7,9,12,15,-0.24828,-1.8,0,1.1,2.2,4.2,7.1,3.03493,0,2.5,6,8.5,11.5,15,3.52872,4.76649,3.0933,4.96705,0.4764,0.135467,0.0302,0.0917333,0,0,0.417867,0,0.658333,0.4114,3.51047,0.7338003,0.385133,0,0.059,0,0,0,13.9131
43292854,Brock Burke,P,,CIN,NYM,,4000,0,1.91,,1.91,0.4775,0,0,0,100,4.6634,8.966000000000001,1.91344,0,1.65,4.25,5.2,7.75,10.25,3.52872,0,3,6,8,11,15,-0.17264,-1.8,0,1.1,2.2,4,7.1,2.99912,0,2.5,6,8,11,15,3.4184,4.61268,3.01571,4.80984,0.45972,0.13488,0.03,0.10188,0,0,0.40448,0,0.68592,0.33272,3.35548,0.72648,0.37296,0,0.03868,0,0,0,13.581
43292724,Eric Orze,P,,MIN,TEX,,4000,0,1.91,,1.91,0.4775,0,0,0,100,4.038,8.624600000000001,1.90901,0,1.8,4.25,5.15,7.15,9.9035,3.63207,1,3,6,8,11,15,-0.36946,-1.8,0,1.1,2,4,6.2,3.0277,0,3,6,7.5,10.5,15,3.4429,4.55328,3.08244,4.80976,0.504933,0.146867,0.0312667,0.0874667,0,0,0.427133,0,0.688933,0.4382,3.6818,0.7705333999999999,0.3956,0,0.0329333,0,0,0,14.3739
43292823,Cody Laweryson,P,,MIN,TEX,,4000,0,1.9,,1.9,0.475,0,0,0,100,4.038,8.624600000000001,1.89577,0,0.9,4.25,5.65,7.9,10.551,3.43493,0,2,6,9,12,16,-0.0342333,-0.9,0,1.1,2.2,5.1,7.1,2.95443,0,1.5,6,8.5,12,15.505,3.43032,4.75265,2.91694,4.86944,0.419467,0.1156,0.0304667,0.0701333,0,0,0.342333,0,0.6068,0.325333,3.09167,0.6356669999999999,0.316,0,0.0622667,0,0,0,12.0428
43292758,Cole Winn,P,,TEX,MIN,,4000,0,1.9,,1.9,0.475,0,0,0,100,4.5866,8.624600000000001,1.89565,0,0.45,3.9,5.65,7.75,10.5,3.2734,0,2,6,9,12,15,0.2667,0,0,1.1,3.1,4,7.1,2.90423,0,1,6,8,11.5,15,3.20433,4.53408,2.5861,4.57857,0.3176,0.0942,0.0204667,0.0749333,0,0,0.263467,0,0.645067,0.231133,2.571,0.5072,0.2436,0,0.0320667,0,0,0,10.0551
43292829,Jack Dreyer,P,,LAD,TB,,4000,0,1.88,,1.88,0.47,0,0,0,100,5.3588,9.7982,1.87571,0,0.9,3.8,5.15,7.65,10.25,3.32296,0,2,6,8,11,15,0.067504,-0.9,0,1.1,2,4,7.1,2.89624,0,1.5,6,8,11,15,3.2211,4.48326,2.69452,4.57356,0.37364,0.11892,0.01716,0.06244,0,0,0.28556,0,0.59872,0.28128,2.86396,0.57216,0.2626,0,0.04084,0,0,0,11.1021
43292853,Riley O'Brien,P,,STL,SD,,4000,0,1.84,,1.84,0.46,0,0,0,100,4.7374,8.9658,1.83896,0,0.15,3.5,5.2075,9.25,13.7005,3.33848,0,1,6,9,15,21,0.061992,0,0,1.1,2,5.1,8,4.44284,0,2,8.5,11,16,22.5,3.67141,5.41241,3.00411,6.26915,0.4148,0.11248,0.01488,0.051,0,0,0.30484,0,0.58564,0.32916,2.85516,0.59316,0.28208,0,0.07124,0,0,0,11.1651
43292813,Brennan Bernardino,P,,COL,CHC,,4000,0,1.81,,1.81,0.4525,0,0,0,100,4.0846,9.8432,1.81186,0,1.65,4.25,5.15,7.65,10.2515,3.51732,0,3,6,8,11,15,-0.365952,-1.8,0,1.1,2.2,4,6.209,2.90548,0,2.5,6,8,11,15,3.55796,4.7448,3.17608,4.98768,0.50152,0.1252,0.03068,0.09552,0,0,0.46216,0,0.7244,0.47076,3.56216,0.75292,0.42696,0,0.03512,0,0,0,14.1451
43292864,Tyler Alexander,P,,TEX,MIN,,4000,0,1.78,,1.78,0.445,0,0,0,100,4.5866,8.624600000000001,1.7831,0,0.75,3.5,5.15,9,12.95,3.2898,0,1,6,9,14,20,-0.135587,-0.7,0,1.1,2,4.2,8,4.40733,0,3,8,11,15.5,21,3.61167,5.2542,3.08381,6.14111,0.4572,0.12,0.0209333,0.0854,0,0,0.3562,0,0.5478,0.3006,3.07873,0.6835333,0.329133,0,0.0782,0,0,0,11.8853
43292771,Daniel Palencia,P,,CHC,COL,,4000,0,1.78,,1.78,0.445,0,0,0,100,5.7586,9.8432,1.78454,0,0,3.15,5.15,9.15,13.9,3.09588,0,0,5,8,14,22,0.311044,0,0,1.1,2,5.1,8.2,4.30246,0,1,8,11,15.5,22.005,3.52642,5.29217,2.67113,6.05005,0.30028,0.0814,0.0208,0.05524,0,0,0.2346,0,0.55464,0.24192,2.3392,0.45772,0.2166,0,0.06616,0,0,0,9.28032
43292718,Bradgley Rodriguez,P,,SD,STL,,4000,0,1.77,,1.77,0.4425,0,0,0,100,4.2284,8.9658,1.77452,0,1.65,3.8,5.05,7.15,9.75,3.4094,0,3,6,8,11,15,-0.424524,-1.8,0,1.1,2,4,6,2.82302,0,2.5,6,7.5,10.5,14.5,3.35964,4.48251,2.97762,4.70309,0.5378,0.15564,0.02324,0.07272,0,0,0.41556,0,0.6286,0.38336,3.55644,0.7894,0.38336,0,0.03512,0,0,0,13.8699
43292709,Enyel De Los Santos,P,,HOU,DET,,4000,0,1.73,,1.73,0.4325,0,0,0,100,4.6314,9.278400000000001,1.73282,0,0.9,3.9,5.15,7.65,10.151,3.22916,0,2,6,8,11,15,-0.182844,-0.9,0,1.1,2,4,6,2.72958,0,1.5,6,8,11,15,3.37211,4.60845,2.91745,4.76071,0.43356,0.13884,0.01728,0.10292,0,0,0.38232,0,0.63288,0.30656,3.10112,0.6926,0.35284,0,0.03908,0,0,0,12.2613
43292836,Anthony Banda,P,,MIN,TEX,,4000,0,1.73,,1.73,0.4325,0,0,0,100,4.038,8.624600000000001,1.73354,0,0.9,3.8,5.15,7.65,10.4,3.2518,0,2,6,8,12,15,-0.219427,-0.9,0,1.1,2,4,7.1,2.7376,0,1.5,6,8,11,15,3.41237,4.6739,2.96489,4.82315,0.415933,0.1154,0.0304,0.0814,0,0,0.381533,0,0.593867,0.385267,3.1564,0.6431330000000001,0.3516,0,0.0554,0,0,0,12.3877
43292858,Jaden Hill,P,,COL,CHC,,4000,0,1.7,,1.7,0.425,0,0,0,100,4.0846,9.8432,1.70138,0,1.5,3.65,5,7.055,9.75,3.25908,0,3,6,8,11,14,-0.257688,-1.8,0,1.1,2,4,6,2.71512,0,2,5.5,7.5,10.5,14,3.38637,4.55237,3.02072,4.75982,0.40992,0.10928,0.0298,0.10436,0,0,0.422,0,0.70112,0.43456,3.20096,0.65336,0.39016,0,0.02488,0,0,0,12.7622
43292768,Sam Moll,P,,CIN,NYM,,4000,0,1.69,,1.69,0.4225,0,0,0,100,4.6634,8.966000000000001,1.69097,0,0.15,3.65,5.05,7.65,10.2515,2.98444,0,1,6,8,11,15,0.184624,0,0,1.1,2.2,4,6.2,2.61652,0,0.5,5.5,7.5,11,15,3.12702,4.40863,2.56608,4.46238,0.29424,0.08732,0.01764,0.06532,0,0,0.26512,0,0.62112,0.27132,2.4092,0.46452,0.24512,0,0.02372,0,0,0,9.70396
43292809,Luke Weaver,P,,NYM,CIN,,4000,0,1.67,,1.67,0.4175,0,0,0,100,4.3026,8.966000000000001,1.67305,0,0,3.5,5.05,7.9,11.75,3.0024,0,1,6,8,12,17,0.097556,0,0,1.1,2,4,7.1,2.60482,0,0.5,5,7.5,12,17,3.30548,4.71593,2.67049,4.73805,0.31068,0.10704,0.01592,0.10136,0,0,0.29892,0,0.61908,0.26016,2.53196,0.5349999999999999,0.2748,0,0.03116,0,0,0,10.3701
43292746,JoJo Romero,P,,STL,SD,,4000,0,1.67,,1.67,0.4175,0,0,0,100,4.7374,8.9658,1.67196,0,1.05,3.65,5,7,9.65,3.1414,0,3,6,8,10,14,-0.287032,-0.9,0,1.1,2,4,6,2.63616,0,2,5.5,7,10,14,3.21136,4.35403,2.80514,4.51686,0.46044,0.12568,0.02504,0.05464,0,0,0.35116,0,0.57184,0.34468,3.14908,0.6658,0.3236,0,0.03148,0,0,0,12.2286
43292837,Hogan Harris,P,,ATH,PIT,,4000,0,1.62,,1.62,0.405,0,0,0,100,5.2402,10.499600000000001,1.62002,0,0.9,3.65,5,7.15,9.75,3.06772,0,2,6,8,11,14,-0.19342,-0.9,0,1.1,2,4,6,2.57302,0,1.5,5.5,7.5,10.5,14,3.2476,4.44623,2.82067,4.58613,0.4112,0.12756,0.01696,0.0674,0,0,0.35364,0,0.61212,0.36628,2.94872,0.62312,0.3264,0,0.0314,0,0,0,11.8808
43292733,Adrian Morejon,P,,SD,STL,,4000,0,1.61,,1.61,0.4025,0,0,0,100,4.2284,8.9658,1.60982,0,1.5,3.65,5,7,9.651,3.1512,0,3,6,7,10,14,-0.509732,-1.8,0,1.1,2,4,6,2.57766,0,2,5.5,7,10,14,3.2885,4.38856,2.9376,4.60103,0.54192,0.13796,0.02672,0.06628,0,0,0.40472,0,0.5776,0.3742,3.43328,0.7728799999999999,0.37372,0,0.02872,0,0,0,12.708
43292714,Gregory Soto,P,,PIT,ATH,,4000,0,1.6,,1.6,0.4,0,0,0,100,5.2594,10.499600000000001,1.59678,0,0,2.9,4.55,9,14.65,2.91688,0,0,5,8,14,23,0.139012,0,0,0.2,2,4.4,8.407,4.03722,0,0,7,11,18,27,3.63999,5.42378,2.76938,6.83767,0.31832,0.09076,0.01588,0.06364,0,0,0.27084,0,0.60032,0.31632,2.3786,0.48860000000000003,0.25012,0,0.04076,0,0,0,9.40732
43292611,Steven Matz,P,,TB,LAD,,6000,0,1.54,,1.54,0.25666666666666665,0,0,0,100,4.4394,9.7982,1.53548,0,0.9,3.65,5,7,9.75,2.89396,0,2,6,7,11,14,-0.381624,-0.9,0,1.1,2,4,6,2.41488,0,1.5,5.5,7,10,14,3.20282,4.36405,2.79333,4.512,0.42956,0.11984,0.02636,0.12072,0,0,0.38668,0,0.52968,0.26168,3.07216,0.69648,0.35748,0,0.03408,0,0,0,12.0263
43292834,Cole Sulser,P,,TB,LAD,,4000,0,1.53,,1.53,0.3825,0,0,0,100,4.4394,9.7982,1.53444,0,1.5,3.65,4.9,7,9.15,3.01476,0,3,6,7,10,14,-0.459712,-1.8,0,1.1,2,4,6,2.46452,0,2,5.5,7,10,13.5,3.24805,4.34057,2.9201,4.55229,0.41664,0.11956,0.02948,0.11688,0,0,0.42344,0,0.60788,0.41792,3.24968,0.68256,0.3914,0,0.02444,0,0,0,13.0812
43292614,Yoendrys Gomez,P,,MIN,TEX,,6000,0,1.52,,1.52,0.25333333333333335,0,0,0,100,4.038,8.624600000000001,1.52379,0,0.3,2.9,4.4,8.05,12.95,2.88247,0,1,5,7,13,20,-0.267227,-0.9,0,0.2,2,4,7.1,3.95767,0,1.5,7.5,10.5,16.5,24.5,3.43836,4.99697,2.75702,6.42676,0.409933,0.101933,0.0231333,0.0784667,0,0,0.3226,0,0.4972,0.328933,2.88513,0.613466,0.301,0,0.0471333,0,0,0,11.4887
43292855,Taylor Clarke,P,,ARI,LAA,,4000,0,1.51,,1.51,0.3775,0,0,0,100,4.9164,9.5328,1.50969,0,0.3,3.15,4.4,6.75,9.15,2.71312,0,1,6,7,10,14,-0.047776,-0.9,0,1.1,2,4,6,2.3404,0,1,5,7,10,13.5,2.90311,4.04944,2.43743,4.12104,0.32868,0.09384,0.03752,0.0604,0,0,0.26496,0,0.50464,0.225,2.47868,0.52044,0.2446,0,0.02576,0,0,0,10.2958
43292622,AJ Blubaugh,P,,HOU,DET,,6000,0,1.49,,1.49,0.24833333333333332,0,0,0,100,4.6314,9.278400000000001,1.48993,0,0,3.15,5,7.65,10.25,2.72564,0,0,6,8,11,15,0.023936,0,0,1.1,2,4,7.1,2.33876,0,0,5,7,11,15,3.14303,4.44269,2.6052,4.49011,0.3024,0.08832,0.0118,0.07088,0,0,0.28204,0,0.54252,0.30036,2.37536,0.4734,0.26116,0,0.0394,0,0,0,9.62712
43292687,Dennis Santana,P,,PIT,ATH,,4000,0,1.48,,1.48,0.37,0,0,0,100,5.2594,10.499600000000001,1.48265,0,1.15,3.65,4.9,7,9.75,3.0066,0,3,6,7,10,15,-0.611244,-1.8,0,1.1,2,4,6,2.41102,0,2,5.5,7,10,14,3.42927,4.54463,3.10603,4.7935,0.48748,0.17412,0.02488,0.11404,0,0,0.47636,0,0.60792,0.39064,3.43296,0.80052,0.43976,0,0.03112,0,0,0,13.1996
43292592,Gordon Graceffo,P,,STL,SD,,6300,0,1.48,,1.48,0.23492063492063492,0,0,0,100,4.7374,8.9658,1.47898,0,0.9,3.65,4.9,7,9.65,2.88204,0,2,6,7,10,14,-0.546732,-1.8,0,1.1,2,4,6,2.3551,0,1.5,5,7,10,14,3.19047,4.29291,2.81831,4.47269,0.50388,0.1518,0.0258,0.0676,0,0,0.38432,0,0.47956,0.3048,3.26352,0.7490800000000001,0.35532,0,0.03832,0,0,0,12.4939
43292872,Drew Pomeranz,P,,LAA,ARI,,4000,0,1.44,,1.44,0.36,0,0,0,100,4.6164,9.5328,1.43811,0,1.05,3.65,4.9,7,9.1515,2.90684,0,3,6,7,10,14,-0.622928,-1.8,0,1.1,2,4,6,2.33148,0,2,5.5,7,10,13.505,3.32348,4.4078,3.01484,4.64561,0.46748,0.13164,0.06668,0.09504,0,0,0.45556,0,0.5744,0.38988,3.36524,0.76084,0.42228,0,0.02712,0,0,0,13.2411
43292818,Ryan Zeferjahn,P,,LAA,ARI,,4000,0,1.43,,1.43,0.3575,0,0,0,100,4.6164,9.5328,1.42749,0,0,2.75,4.25,8.4,13.3015,2.69544,0,0,5,7,14,21,-0.047624,0,0,0.2,2,4,8,3.88308,0,0,7,11,17.5,25.5,3.4593,5.12603,2.70543,6.61558,0.276,0.09004,0.03808,0.05448,0,0,0.27624,0,0.53236,0.38356,2.41916,0.4586,0.2556,0,0.0392,0,0,0,9.94788
43292859,Juan Mejia,P,,COL,CHC,,4000,0,1.41,,1.41,0.3525,0,0,0,100,4.0846,9.8432,1.41166,0,0,2.75,4.25,8.25,13.9,2.59976,0,0,4,7,13,22,0.040344,0,0,0.2,2,4,8,3.49476,0,0,6,10,17,25.5,3.40963,5.08047,2.59387,6.40324,0.26776,0.07616,0.02084,0.06852,0,0,0.2578,0,0.52656,0.31496,2.23028,0.43328,0.23792,0,0.03412,0,0,0,9.23348
43292738,Hoby Milner,P,,CHC,COL,,4000,0,1.38,,1.38,0.345,0,0,0,100,5.7586,9.8432,1.38076,0,0,3.05,4.4,7,9.15,2.553,0,1,5,7,10,14,-0.17408,-0.9,0,1.1,2,4,6,2.163,0,0,4.5,6.5,10,13.5,2.94207,4.09619,2.49237,4.17116,0.3846,0.10192,0.02228,0.0554,0,0,0.27724,0,0.46024,0.2158,2.49404,0.5642,0.2562,0,0.02996,0,0,0,9.69368
43292851,Bryan Abreu,P,,HOU,DET,,4000,0,1.37,,1.37,0.3425,0,0,0,100,4.6314,9.278400000000001,1.37021,0,0,2.45,4.55,7.8,11.651,2.45476,0,0,4.25,8,12,17.01,0.18728,0,0,0,2,4.2,8,2.14076,0,0,4,7,11.5,17,3.10209,4.57732,2.412,4.50046,0.2412,0.06812,0.0086,0.05044,0,0,0.20856,0,0.507,0.25964,1.91924,0.36835999999999997,0.19204,0,0.03064,0,0,0,7.72816
43292874,Evan Sisk,P,,PIT,ATH,,4000,0,1.34,,1.34,0.335,0,0,0,100,5.2594,10.499600000000001,1.34074,0,0,2.9,4.9,7.65,10.4,2.45352,0,0,5,7,12,16,0.095064,0,0,0.2,2,4,7.1,2.1114,0,0,4.5,7,11,15.5,3.06962,4.39265,2.50816,4.40734,0.27664,0.08272,0.01492,0.05152,0,0,0.25128,0,0.52372,0.25844,2.03404,0.4258,0.23316,0,0.03244,0,0,0,8.28528
43292597,Chase Silseth,P,,LAA,ARI,,6300,0,1.31,,1.31,0.20793650793650795,0,0,0,100,4.6164,9.5328,1.31264,0,0.3,3.05,4.5,7,9.65,2.6266,0,1,6,7,10,14,-0.3469,-0.9,0,1.1,2,4,6,2.1349,0,1,5,7,10,14,3.20336,4.39589,2.81378,4.5284,0.33372,0.11176,0.045,0.066,0,0,0.37088,0,0.55456,0.42692,2.75004,0.55648,0.3422,0,0.02836,0,0,0,11.2382
43292705,Will Klein,P,,LAD,TB,,4000,0,1.27,,1.27,0.3175,0,0,0,100,5.3588,9.7982,1.26685,0,0,2.75,4.4,7,9.7505,2.30096,0,0,5,7,11,15,0.074456,0,0,0.2,2,4,6,1.98548,0,0,4,6.5,10,14.5,2.88134,4.14765,2.32614,4.14214,0.25308,0.07312,0.01152,0.04584,0,0,0.21008,0,0.44084,0.2474,1.93092,0.38356,0.19424,0,0.03728,0,0,0,7.86076
43292547,Carmen Mlodzinski,P,,PIT,ATH,,7000,0,1.26,,1.26,0.18000000000000002,0,0,0,100,5.2594,10.499600000000001,1.26044,0,0.3,3.05,4.4,7,9.75,2.57632,0,2,6,7,10,14,-0.521484,-1.8,0,1.1,2,4,6,2.05914,0,1,5,6.5,10,14,3.25538,4.41208,2.89014,4.58021,0.45936,0.14928,0.0182,0.0928,0,0,0.41616,0,0.5232,0.31472,2.93748,0.71964,0.38472,0,0.03312,0,0,0,11.8095
43292712,Bryan Baker,P,,TB,LAD,,4000,0,1.19,,1.19,0.2975,0,0,0,100,4.4394,9.7982,1.1864,0,0,2.15,3.65,7.15,12.55,2.20208,0,0,4,6,11,20,-0.030264,0,0,0,1.3,4,7.1,3.26668,0,0,6,9,15,24.5,3.12975,4.61828,2.45323,5.96826,0.22204,0.07284,0.01656,0.0788,0,0,0.24432,0,0.45576,0.26792,1.97724,0.39024,0.22656,0,0.02592,0,0,0,8.03288
43292723,Kevin Kelly,P,,TB,LAD,,4000,0,1.17,,1.17,0.2925,0,0,0,100,4.4394,9.7982,1.17059,0,0,2.9,4.3,7,9.75,2.27972,0,0,5,7,10,14,-0.361344,-0.9,0,0.2,1.1,4,6,1.86964,0,0,4,6.5,10,14,2.99481,4.16143,2.59509,4.24406,0.3224,0.09328,0.02232,0.11028,0,0,0.33804,0,0.439,0.27188,2.48564,0.5482800000000001,0.31084,0,0.03012,0,0,0,9.5774
43292730,Edgardo Henriquez,P,,LAD,TB,,4000,0,1.16,,1.16,0.29,0,0,0,100,5.3588,9.7982,1.16434,0,0,2.3,4.25,7,9.75,2.11672,0,0,4,7,10,15,0.005028,0,0,0,1.1,4,6,1.82018,0,0,3.5,6,10,14.5,2.82891,4.06645,2.28505,4.06105,0.25488,0.06832,0.01052,0.05084,0,0,0.20664,0,0.38588,0.20852,1.86476,0.38455999999999996,0.19168,0,0.0376,0,0,0,7.24216
43292816,Yohan Ramirez,P,,PIT,ATH,,4000,0,1.14,,1.14,0.285,0,0,0,100,5.2594,10.499600000000001,1.14332,0,0,2.9,4.4,7,9.8,2.24528,0,0,5,7,10,15,-0.175404,0,0,0.2,2,4,6,1.8505,0,0,4,6.5,10,15,3.06519,4.30546,2.62355,4.36821,0.30028,0.10324,0.01356,0.06592,0,0,0.30528,0,0.48912,0.30656,2.18912,0.483,0.28232,0,0.0304,0,0,0,8.8158
43292644,Antonio Senzatela,P,,COL,CHC,,5500,0,1.11,,1.11,0.20181818181818184,0,0,0,100,4.0846,9.8432,1.1069,0,0.3,3,4.4,6.4,9.15,2.35148,0,2,5,7,10,14,-0.726564,-1.8,0,0.2,1.1,4,6,1.8269,0,1,4.5,6.5,9.5,13.5,3.18812,4.28338,2.87509,4.46745,0.44368,0.12952,0.03024,0.11776,0,0,0.43952,0,0.46564,0.32796,3.00848,0.7212000000000001,0.4052,0,0.0242,0,0,0,11.6345
43292693,George Soriano,P,,STL,SD,,4000,0,1.1,,1.1,0.275,0,0,0,100,4.7374,8.9658,1.10253,0,0,2.45,4.25,6.4,9,2.12736,0,0,5,6,10,13,-0.26838,-0.9,0,0,1.1,3.1,6,1.75786,0,0,4,6,9,13,2.79145,3.88728,2.40364,3.95579,0.32368,0.09128,0.01144,0.059,0,0,0.26996,0,0.40328,0.2536,2.22288,0.4854,0.24996,0,0.02252,0,0,0,8.71708
43292571,Jose Suarez,P,,ATH,PIT,,6700,0,1.1,,1.1,0.16417910447761194,0,0,0,100,5.2402,10.499600000000001,1.10121,0,0,2.4,4.25,6.9,9.75,2.118,0,0,4,6,10,14,-0.145456,0,0,0,1.1,4,6,1.76328,0,0,4,6,10,14,2.87543,4.0789,2.42548,4.10874,0.29544,0.08976,0.01156,0.05032,0,0,0.25172,0,0.417,0.26236,2.04484,0.44708,0.23288,0,0.0312,0,0,0,8.066
43292766,Ron Marinaccio,P,,SD,STL,,4000,0,1.05,,1.05,0.2625,0,0,0,100,4.2284,8.9658,1.04755,0,0,2.3,3.9,6.4,9,2.04568,0,0,4,6,10,13,-0.244716,0,0,0,1.1,3.1,6,1.68266,0,0,4,6,9.5,13,2.78081,3.90214,2.34819,3.94908,0.31364,0.086,0.01432,0.04736,0,0,0.25916,0,0.40512,0.26472,2.11436,0.46132,0.23812,0,0.01868,0,0,0,8.48604
43292797,Juan Morillo,P,,ARI,LAA,,4000,0,1.03,,1.03,0.2575,0,0,0,100,4.9164,9.5328,1.02934,0,0,1.65,3.65,6.4,9.75,1.83776,0,0,3,6,10,14,0.09118,0,0,0,1.1,4,6,1.60086,0,0,2.5,5.5,9.5,14,2.62059,3.80636,2.05336,3.77697,0.18692,0.05552,0.02168,0.03244,0,0,0.16032,0,0.35876,0.17724,1.50544,0.29655999999999993,0.1486,0,0.02432,0,0,0,6.12428
43292646,Zach Agnos,P,,COL,CHC,,5500,0,1.03,,1.03,0.18727272727272729,0,0,0,100,4.0846,9.8432,1.03313,0,0,2.4,4.25,6.4,9.25,2.07008,0,0,4,6,10,14,-0.432116,-0.9,0,0,1.1,3.1,6,1.66766,0,0,4,6,9.5,13.5,2.89572,4.01017,2.51027,4.09383,0.32148,0.0998,0.02396,0.08288,0,0,0.32156,0,0.39072,0.27672,2.39036,0.5281199999999999,0.29524,0,0.02532,0,0,0,9.2492
43292721,Garrett Cleavinger,P,,TB,LAD,,4000,0,1.02,,1.02,0.255,0,0,0,100,4.4394,9.7982,1.02046,0,0,0.75,3.065,7.15,11.75,1.83,0,0,2,5,11,18,0.137988,0,0,0,1.1,4,7.1,1.59506,0,0,1,5,10.5,17,2.80608,4.17274,2.10491,4.08475,0.16596,0.0458,0.01052,0.04716,0,0,0.16264,0,0.38604,0.20044,1.43124,0.26944,0.1496,0,0.022,0,0,0,5.61312
43292844,Zach Maxwell,P,,CIN,NYM,,4000,0,1,,1,0.25,0,0,0,100,4.6634,8.966000000000001,1.00465,0,0,1.55,3.65,6.75,9.75,1.80596,0,0,3,6,10,14,0.074432,0,0,0,1.1,4,6,1.567,0,0,2.5,5.5,10,14,2.66843,3.8561,2.11934,3.83938,0.19192,0.05428,0.01076,0.05288,0,0,0.18432,0,0.37748,0.16808,1.5024,0.30984,0.17048,0,0.02264,0,0,0,5.9888
43292719,Sam Bachman,P,,LAA,ARI,,4000,0,0.99,,0.99,0.2475,0,0,0,100,4.6164,9.5328,0.992434,0,0,1.8,3.75,6.4,9.75,1.93408,0,0,4,6,10,14,-0.218744,0,0,0,1.1,3.1,6,1.5934,0,0,3,5.5,9.5,14,2.80976,3.97554,2.36292,4.00649,0.2566,0.08076,0.03644,0.04252,0,0,0.24896,0,0.3648,0.26504,1.98492,0.41632,0.22988,0,0.03116,0,0,0,7.65996
43292566,Luis Medina,P,,ATH,PIT,,6700,0,0.99,,0.99,0.14776119402985075,0,0,0,100,5.2402,10.499600000000001,0.985862,0,0,2.3,3.8,6.4,9.15,1.99612,0,0,4,6,10,14,-0.346372,-0.9,0,0,1.1,3.1,6,1.60698,0,0,3.5,6,9.5,13.5,2.88335,4.03184,2.50622,4.09595,0.3218,0.10572,0.01508,0.05888,0,0,0.29536,0,0.38348,0.2768,2.19564,0.5014799999999999,0.2722,0,0.03288,0,0,0,8.64688
43292780,Jonathan Loaisiga,P,,ARI,LAA,,4000,0,0.98,,0.98,0.245,0,0,0,100,4.9164,9.5328,0.981388,0,0,1.5,3.65,6.4,9.05,1.79008,0,0,3,6,10,14,-0.078728,0,0,0,1.1,3.1,6,1.52972,0,0,2.5,5.5,9.5,13.5,2.57486,3.70074,2.0703,3.68805,0.23196,0.0716,0.02884,0.04264,0,0,0.18972,0,0.31688,0.14568,1.69412,0.37504,0.17448,0,0.02628,0,0,0,6.47632
43292789,Phil Maton,P,,CHC,COL,,4000,0,0.98,,0.98,0.245,0,0,0,100,5.7586,9.8432,0.979408,0,0,0,2.9,7.15,11.15,1.69992,0,0,0,5,11,17,0.200992,0,0,0,0.2,4,7.1,1.51016,0,0,0,4.5,10.5,16.5,2.68746,4.02585,1.98495,3.92253,0.14456,0.04128,0.01024,0.03024,0,0,0.12676,0,0.32936,0.1532,1.24372,0.22632,0.11712,0,0.02952,0,0,0,5.14256
43292587,Kyle Freeland,P,,COL,CHC,,6500,0,0.96,,0.96,0.14769230769230768,0,0,0,100,4.0846,9.8432,0.960386,0,0,2.3,3.8,6.4,9.15,1.94024,0,0,4,6,10,14,-0.441136,-0.9,0,0,1.1,3.1,6,1.55432,0,0,3.5,6,9,13.5,2.861,3.97802,2.49579,4.04947,0.3598,0.08428,0.02144,0.08408,0,0,0.31524,0,0.3692,0.22224,2.28788,0.5496000000000001,0.29012,0,0.02384,0,0,0,8.40712
43292694,Joe Ross,P,,TEX,MIN,,4000,0,0.94,,0.94,0.235,0,0,0,100,4.5866,8.624600000000001,0.940953,0,0,1.05,3.5,6.25,9.25,1.70473,0,0,3,6,10,14,-0.0321867,0,0,0,1.1,3.1,6,1.465,0,0,2,5,9,13.5,2.56385,3.69869,2.05725,3.68137,0.218267,0.0642,0.0141333,0.0434,0,0,0.1754,0,0.309467,0.139467,1.55633,0.3400003,0.162333,0,0.0262667,0,0,0,6.01887
43292583,Javier Assad,P,,CHC,COL,,6500,0,0.91,,0.91,0.14,0,0,0,100,5.7586,9.8432,0.907196,0,0,1.05,3.65,6.25,9.15,1.66104,0,0,3,6,10,14,-0.092536,0,0,0,1.1,3.1,6,1.41532,0,0,2,5.075,9,13.5,2.558,3.66843,2.08162,3.66213,0.22776,0.05908,0.01596,0.048,0,0,0.18936,0,0.2882,0.14064,1.59876,0.35079999999999995,0.17436,0,0.03052,0,0,0,6.11088
43292564,Cal Quantrill,P,,TEX,MIN,,6800,0,0.9,,0.9,0.13235294117647062,0,0,0,100,4.5866,8.624600000000001,0.903693,0,0,1.5,3.65,6.25,9,1.6626,0,0,3,6,9,13,-0.106227,0,0,0,1.1,3.1,6,1.4124,0,0,2,5,9,13,2.5123,3.5925,2.06071,3.59364,0.232467,0.0612,0.0127333,0.0570667,0,0,0.191133,0,0.296533,0.136933,1.61693,0.363467,0.1766,0,0.0260667,0,0,0,6.53947
43292871,Tejay Antone,P,,CIN,NYM,,4000,0,0.88,,0.88,0.22,0,0,0,100,4.6634,8.966000000000001,0.880258,0,0,0.9,3.05,6.25,9.15,1.60172,0,0,2,5,10,14,0.010552,0,0,0,1.1,3.1,6,1.37736,0,0,1.5,5,9,13.005,2.51921,3.64322,2.012,3.62292,0.18008,0.05408,0.0112,0.04536,0,0,0.1684,0,0.31892,0.158,1.40356,0.29072,0.15452,0,0.0214,0,0,0,5.59104
43292692,Brent Suter,P,,LAA,ARI,,4000,0,0.86,,0.86,0.215,0,0,0,100,4.6164,9.5328,0.855188,0,0,1.8,3.65,5.75,9,1.73768,0,0,3,6,9,13,-0.452848,-0.9,0,0,1.1,3.1,6,1.38352,0,0,3,5.5,8.5,13,2.68007,3.72112,2.35645,3.78987,0.3164,0.09016,0.04564,0.0524,0,0,0.2822,0,0.29292,0.20372,2.12508,0.5046,0.26004,0,0.02972,0,0,0,8.36516
43292772,Jason Adam,P,,SD,STL,,4000,0,0.79,,0.79,0.1975,0,0,0,100,4.2284,8.9658,0.786972,0,0,0.5625,2.75,6.25,10.401,1.483,0,0,1,5,10,16,-0.062412,0,0,0,0.2,3.1,6,1.24926,0,0,1,4,9,15,2.50164,3.67114,1.9577,3.61338,0.2024,0.05184,0.0102,0.0284,0,0,0.15176,0,0.27484,0.17464,1.38152,0.29284,0.14064,0,0.02248,0,0,0,5.61148
43292812,Ryne Stanek,P,,STL,SD,,4000,0,0.7,,0.7,0.175,0,0,0,100,4.7374,8.9658,0.695074,0,0,0,2.58,5.65,9,1.32252,0,0,1,5,9,13,-0.078524,0,0,0,0.2,3.1,6,1.10734,0,0,0,4,8.5,13,2.33652,3.37037,1.92217,3.3556,0.18488,0.05168,0.00696,0.03012,0,0,0.1572,0,0.25732,0.15672,1.26328,0.27364,0.14468,0,0.02088,0,0,0,5.15424
43292720,Justin Bruihl,P,,STL,SD,,4000,0,0.61,,0.61,0.1525,0,0,0,100,4.7374,8.9658,0.609652,0,0,0,2.25,5.155,8.401,1.18712,0,0,0,4,8,13,-0.156932,0,0,0,0,2.2,5.1,0.97638,0,0,0,3.5,8,12.5,2.22282,3.1903,1.84801,3.179,0.19248,0.05444,0.00968,0.02144,0,0,0.1484,0,0.20964,0.14344,1.24776,0.27804000000000006,0.1366,0,0.01908,0,0,0,4.80168
43292458,Tyrone Taylor,OF,,NYM,CIN,IL,2000,0,0,,0,0,0,0,0,100,4.3026,8.966000000000001,,,,,,,,,,,,,,,,,,,,,,,,,,,,,,,,,,,,,,,,,,,,NaN,,,,,,,
43292676,Mitch Bratt,P,,ARI,LAA,IL,4000,0,0,,0,0,0,0,0,100,4.9164,9.5328,,,,,,,,,,,,,,,,,,,,,,,,,,,,,,,,,,,,,,,,,,,,NaN,,,,,,,
43292734,Ricky Vanasco,P,,DET,HOU,,4000,0,0,,0,0,0,0,0,100,4.647,9.278400000000001,,,,,,,,,,,,,,,,,,,,,,,,,,,,,,,,,,,,,,,,,,,,NaN,,,,,,,
43292546,Julian Aguiar,P,,CIN,NYM,,7000,0,0,,0,0,0,0,0,100,4.6634,8.966000000000001,,,,,,,,,,,,,,,,,,,,,,,,,,,,,,,,,,,,,,,,,,,,NaN,,,,,,,
43292717,Austin Warren,P,,NYM,CIN,,4000,0,0,,0,0,0,0,0,100,4.3026,8.966000000000001,,,,,,,,,,,,,,,,,,,,,,,,,,,,,,,,,,,,,,,,,,,,NaN,,,,,,,
43292167,Trevor Larnach,OF,,MIN,TEX,,3900,0,0,,0,0,0,0,0,100,4.038,8.624600000000001,,,,,,,,,,,,,,,,,,,,,,,,,,,,,,,,,,,,,,,,,,,,NaN,,,,,,,
43292650,Gabriel Hughes,P,,COL,CHC,,4000,0,0,,0,0,0,0,0,100,4.0846,9.8432,,,,,,,,,,,,,,,,,,,,,,,,,,,,,,,,,,,,,,,,,,,,NaN,,,,,,,
43292313,Billy Cook,OF,,PIT,ATH,,2300,0,0,,0,0,0,0,0,100,5.2594,10.499600000000001,,,,,,,,,,,,,,,,,,,,,,,,,,,,,,,,,,,,,,,,,,,,NaN,,,,,,,
43292525,Gage Jump,P,,ATH,PIT,,7700,0,0,,0,0,0,0,0,100,5.2402,10.499600000000001,,,,,,,,,,,,,,,,,,,,,,,,,,,,,,,,,,,,,,,,,,,,NaN,,,,,,,
43292699,Bennett Sousa,P,,HOU,DET,IL,4000,0,0,,0,0,0,0,0,100,4.6314,9.278400000000001,,,,,,,,,,,,,,,,,,,,,,,,,,,,,,,,,,,,,,,,,,,,NaN,,,,,,,
43292292,Jared Triolo,SS,,PIT,ATH,,2400,0,0,,0,0,0,0,0,100,5.2594,10.499600000000001,,,,,,,,,,,,,,,,,,,,,,,,,,,,,,,,,,,,,,,,,,,,NaN,,,,,,,
43292350,Jorge Soler,OF,,LAA,ARI,IL,3900,0,0,,0,0,0,0,0,100,4.6164,9.5328,,,,,,,,,,,,,,,,,,,,,,,,,,,,,,,,,,,,,,,,,,,,NaN,,,,,,,
43292349,Will Smith,C,,LAD,TB,IL,4000,0,0,,0,0,0,0,0,100,5.3588,9.7982,,,,,,,,,,,,,,,,,,,,,,,,,,,,,,,,,,,,,,,,,,,,NaN,,,,,,,
43292488,Tarik Skubal,P,,DET,HOU,,9500,0,0,,0,0,0,0,0,100,4.647,9.278400000000001,,,,,,,,,,,,,,,,,,,,,,,,,,,,,,,,,,,,,,,,,,,,NaN,,,,,,,
43292708,Jeff Criswell,P,,COL,CHC,,4000,0,0,,0,0,0,0,0,100,4.0846,9.8432,,,,,,,,,,,,,,,,,,,,,,,,,,,,,,,,,,,,,,,,,,,,NaN,,,,,,,
43292405,Trey Sweeney,SS,,DET,HOU,IL,2300,0,0,,0,0,0,0,0,100,4.647,9.278400000000001,,,,,,,,,,,,,,,,,,,,,,,,,,,,,,,,,,,,,,,,,,,,NaN,,,,,,,
43292603,Richard Fitts,P,,STL,SD,IL,6300,0,0,,0,0,0,0,0,100,4.7374,8.9658,,,,,,,,,,,,,,,,,,,,,,,,,,,,,,,,,,,,,,,,,,,,NaN,,,,,,,
43292340,Logan Porter,C,,LAA,ARI,,2000,0,0,,0,0,0,0,0,100,4.6164,9.5328,,,,,,,,,,,,,,,,,,,,,,,,,,,,,,,,,,,,,,,,,,,,NaN,,,,,,,
43292522,Jack Leiter,P,,TEX,MIN,,7800,0,0,,0,0,0,0,0,100,4.5866,8.624600000000001,,,,,,,,,,,,,,,,,,,,,,,,,,,,,,,,,,,,,,,,,,,,NaN,,,,,,,
43292385,Yohel Pozo,C,,STL,SD,,2600,0,0,,0,0,0,0,0,100,4.7374,8.9658,,,,,,,,,,,,,,,,,,,,,,,,,,,,,,,,,,,,,,,,,,,,NaN,,,,,,,
43292131,Troy Johnston,OF,,COL,CHC,,4500,0,0,,0,0,0,0,0,100,4.0846,9.8432,,,,,,,,,,,,,,,,,,,,,,,,,,,,,,,,,,,,,,,,,,,,NaN,,,,,,,
43292233,Jose Siri,OF,,LAA,ARI,,3000,0,0,,0,0,0,0,0,100,4.6164,9.5328,,,,,,,,,,,,,,,,,,,,,,,,,,,,,,,,,,,,,,,,,,,,NaN,,,,,,,
43292280,Eric Wagaman,1B,,NYM,CIN,,2600,0,0,,0,0,0,0,0,100,4.3026,8.966000000000001,,,,,,,,,,,,,,,,,,,,,,,,,,,,,,,,,,,,,,,,,,,,NaN,,,,,,,
43292257,Jose Fermin,3B/OF,,STL,SD,,2800,0,0,,0,0,0,0,0,100,4.7374,8.9658,,,,,,,,,,,,,,,,,,,,,,,,,,,,,,,,,,,,,,,,,,,,NaN,,,,,,,
43292321,LuJames Groover,1B,,ARI,LAA,,2200,0,0,,0,0,0,0,0,100,4.9164,9.5328,,,,,,,,,,,,,,,,,,,,,,,,,,,,,,,,,,,,,,,,,,,,NaN,,,,,,,
43292540,Yusei Kikuchi,P,,LAA,ARI,IL,7300,0,0,,0,0,0,0,0,100,4.6164,9.5328,,,,,,,,,,,,,,,,,,,,,,,,,,,,,,,,,,,,,,,,,,,,NaN,,,,,,,
43292545,Mike Burrows,P,,HOU,DET,,7000,0,0,,0,0,0,0,0,100,4.6314,9.278400000000001,,,,,,,,,,,,,,,,,,,,,,,,,,,,,,,,,,,,,,,,,,,,NaN,,,,,,,
43292632,Jhony Brito,P,,SD,STL,,5800,0,0,,0,0,0,0,0,100,4.2284,8.9658,,,,,,,,,,,,,,,,,,,,,,,,,,,,,,,,,,,,,,,,,,,,NaN,,,,,,,
43292626,Colton Gordon,P,,HOU,DET,,6000,0,0,,0,0,0,0,0,100,4.6314,9.278400000000001,,,,,,,,,,,,,,,,,,,,,,,,,,,,,,,,,,,,,,,,,,,,NaN,,,,,,,
43292475,Oliver Dunn,3B/SS,,TB,LAD,,2000,0,0,,0,0,0,0,0,100,4.4394,9.7982,,,,,,,,,,,,,,,,,,,,,,,,,,,,,,,,,,,,,,,,,,,,NaN,,,,,,,
43292077,Hunter Brown,P,,HOU,DET,IL,10000,0,0,,0,0,0,0,0,100,4.6314,9.278400000000001,,,,,,,,,,,,,,,,,,,,,,,,,,,,,,,,,,,,,,,,,,,,NaN,,,,,,,
43292672,Tink Hence,P,,STL,SD,,4000,0,0,,0,0,0,0,0,100,4.7374,8.9658,,,,,,,,,,,,,,,,,,,,,,,,,,,,,,,,,,,,,,,,,,,,NaN,,,,,,,
43292484,Jacob deGrom,P,,TEX,MIN,,10300,0,0,,0,0,0,0,0,100,4.5866,8.624600000000001,,,,,,,,,,,,,,,,,,,,,,,,,,,,,,,,,,,,,,,,,,,,NaN,,,,,,,
43292468,Mason McCoy,2B/SS,,SD,STL,,2000,0,0,,0,0,0,0,0,100,4.2284,8.9658,,,,,,,,,,,,,,,,,,,,,,,,,,,,,,,,,,,,,,,,,,,,NaN,,,,,,,
43292641,Zach Thornton,P,,NYM,CIN,,5600,0,0,,0,0,0,0,0,100,4.3026,8.966000000000001,,,,,,,,,,,,,,,,,,,,,,,,,,,,,,,,,,,,,,,,,,,,NaN,,,,,,,
43292467,Nick Morabito,OF,,NYM,CIN,,2000,0,0,,0,0,0,0,0,100,4.3026,8.966000000000001,,,,,,,,,,,,,,,,,,,,,,,,,,,,,,,,,,,,,,,,,,,,NaN,,,,,,,
43292671,Henry Baez,P,,ATH,PIT,,4000,0,0,,0,0,0,0,0,100,5.2402,10.499600000000001,,,,,,,,,,,,,,,,,,,,,,,,,,,,,,,,,,,,,,,,,,,,NaN,,,,,,,
43292352,Jorge Polanco,2B/3B,,NYM,CIN,IL,3500,0,0,,0,0,0,0,0,100,4.3026,8.966000000000001,,,,,,,,,,,,,,,,,,,,,,,,,,,,,,,,,,,,,,,,,,,,NaN,,,,,,,
43292376,Braden Shewmake,2B/3B,,HOU,DET,IL,2800,0,0,,0,0,0,0,0,100,4.6314,9.278400000000001,,,,,,,,,,,,,,,,,,,,,,,,,,,,,,,,,,,,,,,,,,,,NaN,,,,,,,
43292785,Ryan Fernandez,P,,STL,SD,IL,4000,0,0,,0,0,0,0,0,100,4.7374,8.9658,,,,,,,,,,,,,,,,,,,,,,,,,,,,,,,,,,,,,,,,,,,,NaN,,,,,,,
43292808,Shelby Miller,P,,CHC,COL,IL,4000,0,0,,0,0,0,0,0,100,5.7586,9.8432,,,,,,,,,,,,,,,,,,,,,,,,,,,,,,,,,,,,,,,,,,,,NaN,,,,,,,
43292489,Jose Soriano,P,,LAA,ARI,DTD,9300,0,0,,0,0,0,0,0,100,4.6164,9.5328,,,,,,,,,,,,,,,,,,,,,,,,,,,,,,,,,,,,,,,,,,,,NaN,,,,,,,
43292422,Gustavo Campero,OF,,LAA,ARI,IL,2000,0,0,,0,0,0,0,0,100,4.6164,9.5328,,,,,,,,,,,,,,,,,,,,,,,,,,,,,,,,,,,,,,,,,,,,NaN,,,,,,,
43292585,Zac Gallen,P,,ARI,LAA,,6500,0,0,,0,0,0,0,0,100,4.9164,9.5328,,,,,,,,,,,,,,,,,,,,,,,,,,,,,,,,,,,,,,,,,,,,NaN,,,,,,,
43292618,Antwone Kelly,P,,PIT,ATH,,6000,0,0,,0,0,0,0,0,100,5.2594,10.499600000000001,,,,,,,,,,,,,,,,,,,,,,,,,,,,,,,,,,,,,,,,,,,,NaN,,,,,,,
43292552,Ryan Pepiot,P,,TB,LAD,IL,7000,0,0,,0,0,0,0,0,100,4.4394,9.7982,,,,,,,,,,,,,,,,,,,,,,,,,,,,,,,,,,,,,,,,,,,,NaN,,,,,,,
43292343,Mickey Moniak,OF,,COL,CHC,IL,5000,0,0,,0,0,0,0,0,100,4.0846,9.8432,,,,,,,,,,,,,,,,,,,,,,,,,,,,,,,,,,,,,,,,,,,,NaN,,,,,,,
43292655,Jon Heasley,P,,TB,LAD,IL,4000,0,0,,0,0,0,0,0,100,4.4394,9.7982,,,,,,,,,,,,,,,,,,,,,,,,,,,,,,,,,,,,,,,,,,,,NaN,,,,,,,
43292551,Jason Alexander,P,,HOU,DET,,7000,0,0,,0,0,0,0,0,100,4.6314,9.278400000000001,,,,,,,,,,,,,,,,,,,,,,,,,,,,,,,,,,,,,,,,,,,,NaN,,,,,,,
43292335,Chuckie Robinson,C,,LAD,TB,,2000,0,0,,0,0,0,0,0,100,5.3588,9.7982,,,,,,,,,,,,,,,,,,,,,,,,,,,,,,,,,,,,,,,,,,,,NaN,,,,,,,
43292679,Emiliano Teodo,P,,TEX,MIN,,4000,0,0,,0,0,0,0,0,100,4.5866,8.624600000000001,,,,,,,,,,,,,,,,,,,,,,,,,,,,,,,,,,,,,,,,,,,,NaN,,,,,,,
43292234,Adrian Del Castillo,C,,ARI,LAA,,3000,0,0,,0,0,0,0,0,100,4.9164,9.5328,,,,,,,,,,,,,,,,,,,,,,,,,,,,,,,,,,,,,,,,,,,,NaN,,,,,,,
43292625,Cristian Javier,P,,HOU,DET,IL,6000,0,0,,0,0,0,0,0,100,4.6314,9.278400000000001,,,,,,,,,,,,,,,,,,,,,,,,,,,,,,,,,,,,,,,,,,,,NaN,,,,,,,
43292250,Victor Mesa Jr.,OF,,TB,LAD,,2900,0,0,,0,0,0,0,0,100,4.4394,9.7982,,,,,,,,,,,,,,,,,,,,,,,,,,,,,,,,,,,,,,,,,,,,NaN,,,,,,,
43292259,Henry Davis,C,,PIT,ATH,,2800,0,0,,0,0,0,0,0,100,5.2594,10.499600000000001,,,,,,,,,,,,,,,,,,,,,,,,,,,,,,,,,,,,,,,,,,,,NaN,,,,,,,
43292598,Mitch Farris,P,,LAA,ARI,,6300,0,0,,0,0,0,0,0,100,4.6164,9.5328,,,,,,,,,,,,,,,,,,,,,,,,,,,,,,,,,,,,,,,,,,,,NaN,,,,,,,
43292710,Matt Svanson,P,,STL,SD,,4000,0,0,,0,0,0,0,0,100,4.7374,8.9658,,,,,,,,,,,,,,,,,,,,,,,,,,,,,,,,,,,,,,,,,,,,NaN,,,,,,,
43292591,Tekoah Roby,P,,STL,SD,IL,6300,0,0,,0,0,0,0,0,100,4.7374,8.9658,,,,,,,,,,,,,,,,,,,,,,,,,,,,,,,,,,,,,,,,,,,,NaN,,,,,,,
43292372,Jake Fraley,OF,,TB,LAD,IL,3000,0,0,,0,0,0,0,0,100,4.4394,9.7982,,,,,,,,,,,,,,,,,,,,,,,,,,,,,,,,,,,,,,,,,,,,NaN,,,,,,,
43292633,Kyle Hart,P,,SD,STL,,5800,0,0,,0,0,0,0,0,100,4.2284,8.9658,,,,,,,,,,,,,,,,,,,,,,,,,,,,,,,,,,,,,,,,,,,,NaN,,,,,,,
43292787,Sammy Peralta,P,,COL,CHC,,4000,0,0,,0,0,0,0,0,100,4.0846,9.8432,,,,,,,,,,,,,,,,,,,,,,,,,,,,,,,,,,,,,,,,,,,,NaN,,,,,,,
43292279,Pedro Pages,C,,STL,SD,,2600,0,0,,0,0,0,0,0,100,4.7374,8.9658,,,,,,,,,,,,,,,,,,,,,,,,,,,,,,,,,,,,,,,,,,,,NaN,,,,,,,
43292544,Jesse Scholtens,P,,TB,LAD,IL,7000,0,0,,0,0,0,0,0,100,4.4394,9.7982,,,,,,,,,,,,,,,,,,,,,,,,,,,,,,,,,,,,,,,,,,,,NaN,,,,,,,
43292328,Jorge Barrosa,OF,,ARI,LAA,,2100,0,0,,0,0,0,0,0,100,4.9164,9.5328,,,,,,,,,,,,,,,,,,,,,,,,,,,,,,,,,,,,,,,,,,,,NaN,,,,,,,
43292362,Konnor Griffin,SS,,PIT,ATH,IL,3200,0,0,,0,0,0,0,0,100,5.2594,10.499600000000001,,,,,,,,,,,,,,,,,,,,,,,,,,,,,,,,,,,,,,,,,,,,NaN,,,,,,,
43292437,Nick Senzel,3B/OF,,LAD,TB,,2000,0,0,,0,0,0,0,0,100,5.3588,9.7982,,,,,,,,,,,,,,,,,,,,,,,,,,,,,,,,,,,,,,,,,,,,NaN,,,,,,,
43292374,Luis Campusano,C,,SD,STL,IL,2900,0,0,,0,0,0,0,0,100,4.2284,8.9658,,,,,,,,,,,,,,,,,,,,,,,,,,,,,,,,,,,,,,,,,,,,NaN,,,,,,,
43292297,Nick Madrigal,2B/3B,,LAA,ARI,,2400,0,0,,0,0,0,0,0,100,4.6164,9.5328,,,,,,,,,,,,,,,,,,,,,,,,,,,,,,,,,,,,,,,,,,,,NaN,,,,,,,
43292825,Robert Stephenson,P,,LAA,ARI,IL,4000,0,0,,0,0,0,0,0,100,4.6164,9.5328,,,,,,,,,,,,,,,,,,,,,,,,,,,,,,,,,,,,,,,,,,,,NaN,,,,,,,
43292461,Brett Harris,3B,,ATH,PIT,IL,2000,0,0,,0,0,0,0,0,100,5.2402,10.499600000000001,,,,,,,,,,,,,,,,,,,,,,,,,,,,,,,,,,,,,,,,,,,,NaN,,,,,,,
43292436,Hendry Mendez,OF,,MIN,TEX,,2000,0,0,,0,0,0,0,0,100,4.038,8.624600000000001,,,,,,,,,,,,,,,,,,,,,,,,,,,,,,,,,,,,,,,,,,,,NaN,,,,,,,
43292246,Justin Foscue,2B,,TEX,MIN,,2900,0,0,,0,0,0,0,0,100,4.5866,8.624600000000001,,,,,,,,,,,,,,,,,,,,,,,,,,,,,,,,,,,,,,,,,,,,NaN,,,,,,,
43292657,Dylan Ross,P,,NYM,CIN,,4000,0,0,,0,0,0,0,0,100,4.3026,8.966000000000001,,,,,,,,,,,,,,,,,,,,,,,,,,,,,,,,,,,,,,,,,,,,NaN,,,,,,,
43292610,David Festa,P,,MIN,TEX,IL,6000,0,0,,0,0,0,0,0,100,4.038,8.624600000000001,,,,,,,,,,,,,,,,,,,,,,,,,,,,,,,,,,,,,,,,,,,,NaN,,,,,,,
43292439,Trei Cruz,OF,,DET,HOU,,2000,0,0,,0,0,0,0,0,100,4.647,9.278400000000001,,,,,,,,,,,,,,,,,,,,,,,,,,,,,,,,,,,,,,,,,,,,NaN,,,,,,,
43292556,Bailey Ober,P,,MIN,TEX,IL,7000,0,0,,0,0,0,0,0,100,4.038,8.624600000000001,,,,,,,,,,,,,,,,,,,,,,,,,,,,,,,,,,,,,,,,,,,,NaN,,,,,,,
43292493,Hunter Greene,P,,CIN,NYM,IL,9000,0,0,,0,0,0,0,0,100,4.6634,8.966000000000001,,,,,,,,,,,,,,,,,,,,,,,,,,,,,,,,,,,,,,,,,,,,NaN,,,,,,,
43292832,Riley Martin,P,,CHC,COL,IL,4000,0,0,,0,0,0,0,0,100,5.7586,9.8432,,,,,,,,,,,,,,,,,,,,,,,,,,,,,,,,,,,,,,,,,,,,NaN,,,,,,,
43292753,Michael Kelly,P,,ATH,PIT,,4000,0,0,,0,0,0,0,0,100,5.2402,10.499600000000001,,,,,,,,,,,,,,,,,,,,,,,,,,,,,,,,,,,,,,,,,,,,NaN,,,,,,,
43292559,Kendry Rojas,P,,MIN,TEX,IL,7000,0,0,,0,0,0,0,0,100,4.038,8.624600000000001,,,,,,,,,,,,,,,,,,,,,,,,,,,,,,,,,,,,,,,,,,,,NaN,,,,,,,
43292487,Joe Ryan,P,,MIN,TEX,,10000,0,0,,0,0,0,0,0,100,4.038,8.624600000000001,,,,,,,,,,,,,,,,,,,,,,,,,,,,,,,,,,,,,,,,,,,,NaN,,,,,,,
43292263,Pedro Ramirez,2B/3B,,CHC,COL,,2700,0,0,,0,0,0,0,0,100,5.7586,9.8432,,,,,,,,,,,,,,,,,,,,,,,,,,,,,,,,,,,,,,,,,,,,NaN,,,,,,,
43292725,Jeremiah Estrada,P,,SD,STL,IL,4000,0,0,,0,0,0,0,0,100,4.2284,8.9658,,,,,,,,,,,,,,,,,,,,,,,,,,,,,,,,,,,,,,,,,,,,NaN,,,,,,,
43292401,Victor Scott II,OF,,STL,SD,,2400,0,0,,0,0,0,0,0,100,4.7374,8.9658,,,,,,,,,,,,,,,,,,,,,,,,,,,,,,,,,,,,,,,,,,,,NaN,,,,,,,
43292576,Reese Olson,P,,DET,HOU,IL,6500,0,0,,0,0,0,0,0,100,4.647,9.278400000000001,,,,,,,,,,,,,,,,,,,,,,,,,,,,,,,,,,,,,,,,,,,,NaN,,,,,,,
43292819,Brock Stewart,P,,LAD,TB,IL,4000,0,0,,0,0,0,0,0,100,5.3588,9.7982,,,,,,,,,,,,,,,,,,,,,,,,,,,,,,,,,,,,,,,,,,,,NaN,,,,,,,
43292441,Thayron Liranzo,C,,DET,HOU,,2000,0,0,,0,0,0,0,0,100,4.647,9.278400000000001,,,,,,,,,,,,,,,,,,,,,,,,,,,,,,,,,,,,,,,,,,,,NaN,,,,,,,
43292617,Wilber Dotel,P,,PIT,ATH,IL,6000,0,0,,0,0,0,0,0,100,5.2594,10.499600000000001,,,,,,,,,,,,,,,,,,,,,,,,,,,,,,,,,,,,,,,,,,,,NaN,,,,,,,
43292857,Brant Hurter,P,,DET,HOU,IL,4000,0,0,,0,0,0,0,0,100,4.647,9.278400000000001,,,,,,,,,,,,,,,,,,,,,,,,,,,,,,,,,,,,,,,,,,,,NaN,,,,,,,
43292446,Carlos Correa,SS,,HOU,DET,IL,2000,0,0,,0,0,0,0,0,100,4.6314,9.278400000000001,,,,,,,,,,,,,,,,,,,,,,,,,,,,,,,,,,,,,,,,,,,,NaN,,,,,,,
43292755,Andrew Hoffmann,P,,ARI,LAA,,4000,0,0,,0,0,0,0,0,100,4.9164,9.5328,,,,,,,,,,,,,,,,,,,,,,,,,,,,,,,,,,,,,,,,,,,,NaN,,,,,,,
43292775,Jonathan Pintaro,P,,NYM,CIN,,4000,0,0,,0,0,0,0,0,100,4.3026,8.966000000000001,,,,,,,,,,,,,,,,,,,,,,,,,,,,,,,,,,,,,,,,,,,,NaN,,,,,,,
43292460,Adael Amador,2B,,COL,CHC,,2000,0,0,,0,0,0,0,0,100,4.0846,9.8432,,,,,,,,,,,,,,,,,,,,,,,,,,,,,,,,,,,,,,,,,,,,NaN,,,,,,,
43292794,Brandan Bidois,P,,PIT,ATH,,4000,0,0,,0,0,0,0,0,100,5.2594,10.499600000000001,,,,,,,,,,,,,,,,,,,,,,,,,,,,,,,,,,,,,,,,,,,,NaN,,,,,,,
43292623,Tatsuya Imai,P,,HOU,DET,,6000,0,0,,0,0,0,0,0,100,4.6314,9.278400000000001,,,,,,,,,,,,,,,,,,,,,,,,,,,,,,,,,,,,,,,,,,,,NaN,,,,,,,
43292634,Matt Waldron,P,,SD,STL,IL,5800,0,0,,0,0,0,0,0,100,4.2284,8.9658,,,,,,,,,,,,,,,,,,,,,,,,,,,,,,,,,,,,,,,,,,,,NaN,,,,,,,
43292842,Juan Burgos,P,,ARI,LAA,,4000,0,0,,0,0,0,0,0,100,4.9164,9.5328,,,,,,,,,,,,,,,,,,,,,,,,,,,,,,,,,,,,,,,,,,,,NaN,,,,,,,
43292357,Tommy Edman,2B,,LAD,TB,IL,3400,0,0,,0,0,0,0,0,100,5.3588,9.7982,,,,,,,,,,,,,,,,,,,,,,,,,,,,,,,,,,,,,,,,,,,,NaN,,,,,,,
43292509,Reid Detmers,P,,LAA,ARI,,8300,0,0,,0,0,0,0,0,100,4.6164,9.5328,,,,,,,,,,,,,,,,,,,,,,,,,,,,,,,,,,,,,,,,,,,,NaN,,,,,,,
43292390,Jordan Beck,OF,,COL,CHC,IL,2500,0,0,,0,0,0,0,0,100,4.0846,9.8432,,,,,,,,,,,,,,,,,,,,,,,,,,,,,,,,,,,,,,,,,,,,NaN,,,,,,,
43292433,Joshua Baez,OF,,STL,SD,,2000,0,0,,0,0,0,0,0,100,4.7374,8.9658,,,,,,,,,,,,,,,,,,,,,,,,,,,,,,,,,,,,,,,,,,,,NaN,,,,,,,
43292419,Chris Taylor,2B/OF,,LAA,ARI,,2000,0,0,,0,0,0,0,0,100,4.6164,9.5328,,,,,,,,,,,,,,,,,,,,,,,,,,,,,,,,,,,,,,,,,,,,NaN,,,,,,,
43292569,Gunnar Hoglund,P,,ATH,PIT,IL,6700,0,0,,0,0,0,0,0,100,5.2402,10.499600000000001,,,,,,,,,,,,,,,,,,,,,,,,,,,,,,,,,,,,,,,,,,,,NaN,,,,,,,
43292653,Anderson Severino,P,,NYM,CIN,,4000,0,0,,0,0,0,0,0,100,4.3026,8.966000000000001,,,,,,,,,,,,,,,,,,,,,,,,,,,,,,,,,,,,,,,,,,,,NaN,,,,,,,
43292396,Parker Meadows,OF,,DET,HOU,IL,2500,0,0,,0,0,0,0,0,100,4.647,9.278400000000001,,,,,,,,,,,,,,,,,,,,,,,,,,,,,,,,,,,,,,,,,,,,NaN,,,,,,,
43292821,Cam Sanders,P,,PIT,ATH,,4000,0,0,,0,0,0,0,0,100,5.2594,10.499600000000001,,,,,,,,,,,,,,,,,,,,,,,,,,,,,,,,,,,,,,,,,,,,NaN,,,,,,,
43292856,Mason Barnett,P,,ATH,PIT,,4000,0,0,,0,0,0,0,0,100,5.2402,10.499600000000001,,,,,,,,,,,,,,,,,,,,,,,,,,,,,,,,,,,,,,,,,,,,NaN,,,,,,,
43292814,Garrett Acton,P,,MIN,TEX,IL,4000,0,0,,0,0,0,0,0,100,4.038,8.624600000000001,,,,,,,,,,,,,,,,,,,,,,,,,,,,,,,,,,,,,,,,,,,,NaN,,,,,,,
43292442,Anthony Rendon,2B/3B,,LAA,ARI,IL,2000,0,0,,0,0,0,0,0,100,4.6164,9.5328,,,,,,,,,,,,,,,,,,,,,,,,,,,,,,,,,,,,,,,,,,,,NaN,,,,,,,
43292481,Jace Jung,3B,,DET,HOU,,2000,0,0,,0,0,0,0,0,100,4.647,9.278400000000001,,,,,,,,,,,,,,,,,,,,,,,,,,,,,,,,,,,,,,,,,,,,NaN,,,,,,,
43300462,Blake Hunt,C,,SD,STL,,2000,0,0,,0,0,0,0,0,100,4.2284,8.9658,,,,,,,,,,,,,,,,,,,,,,,,,,,,,,,,,,,,,,,,,,,,NaN,,,,,,,
43292762,Luke Little,P,,CHC,COL,,4000,0,0,,0,0,0,0,0,100,5.7586,9.8432,,,,,,,,,,,,,,,,,,,,,,,,,,,,,,,,,,,,,,,,,,,,NaN,,,,,,,
43292577,Jackson Jobe,P,,DET,HOU,IL,6500,0,0,,0,0,0,0,0,100,4.647,9.278400000000001,,,,,,,,,,,,,,,,,,,,,,,,,,,,,,,,,,,,,,,,,,,,NaN,,,,,,,
43292380,TJ Friedl,OF,,CIN,NYM,,2800,0,0,,0,0,0,0,0,100,4.6634,8.966000000000001,,,,,,,,,,,,,,,,,,,,,,,,,,,,,,,,,,,,,,,,,,,,NaN,,,,,,,
43292621,Miguel Ullola,P,,HOU,DET,,6000,0,0,,0,0,0,0,0,100,4.6314,9.278400000000001,,,,,,,,,,,,,,,,,,,,,,,,,,,,,,,,,,,,,,,,,,,,NaN,,,,,,,
43292348,Brent Rooker,OF,,ATH,PIT,IL,4000,0,0,,0,0,0,0,0,100,5.2402,10.499600000000001,,,,,,,,,,,,,,,,,,,,,,,,,,,,,,,,,,,,,,,,,,,,NaN,,,,,,,
43292508,Christian Scott,P,,NYM,CIN,IL,8300,0,0,,0,0,0,0,0,100,4.3026,8.966000000000001,,,,,,,,,,,,,,,,,,,,,,,,,,,,,,,,,,,,,,,,,,,,NaN,,,,,,,
43292411,Sam Haggerty,OF,,CIN,NYM,,2000,0,0,,0,0,0,0,0,100,4.6634,8.966000000000001,,,,,,,,,,,,,,,,,,,,,,,,,,,,,,,,,,,,,,,,,,,,NaN,,,,,,,
43292573,Jack Perkins,P,,ATH,PIT,,6700,0,0,,0,0,0,0,0,100,5.2402,10.499600000000001,,,,,,,,,,,,,,,,,,,,,,,,,,,,,,,,,,,,,,,,,,,,NaN,,,,,,,
43292150,Chandler Simpson,OF,,TB,LAD,,4200,0,0,,0,0,0,0,0,100,4.4394,9.7982,,,,,,,,,,,,,,,,,,,,,,,,,,,,,,,,,,,,,,,,,,,,NaN,,,,,,,
43292083,Troy Melton,P,,DET,HOU,DTD,7500,0,0,,0,0,0,0,0,100,4.647,9.278400000000001,,,,,,,,,,,,,,,,,,,,,,,,,,,,,,,,,,,,,,,,,,,,NaN,,,,,,,
43292253,Mark Vientos,1B,,NYM,CIN,,2800,0,0,,0,0,0,0,0,100,4.3026,8.966000000000001,,,,,,,,,,,,,,,,,,,,,,,,,,,,,,,,,,,,,,,,,,,,NaN,,,,,,,
43292356,Vaughn Grissom,1B,,LAA,ARI,IL,3400,0,0,,0,0,0,0,0,100,4.6164,9.5328,,,,,,,,,,,,,,,,,,,,,,,,,,,,,,,,,,,,,,,,,,,,NaN,,,,,,,
43292502,Ben Brown,P,,CHC,COL,,8500,0,0,,0,0,0,0,0,100,5.7586,9.8432,,,,,,,,,,,,,,,,,,,,,,,,,,,,,,,,,,,,,,,,,,,,NaN,,,,,,,
43292517,Pablo Lopez,P,,MIN,TEX,IL,8000,0,0,,0,0,0,0,0,100,4.038,8.624600000000001,,,,,,,,,,,,,,,,,,,,,,,,,,,,,,,,,,,,,,,,,,,,NaN,,,,,,,
43292169,Michael Conforto,OF,,CHC,COL,,3800,0,0,,0,0,0,0,0,100,5.7586,9.8432,,,,,,,,,,,,,,,,,,,,,,,,,,,,,,,,,,,,,,,,,,,,NaN,,,,,,,
43292662,Eiberson Castellano,P,,COL,CHC,,4000,0,0,,0,0,0,0,0,100,4.0846,9.8432,,,,,,,,,,,,,,,,,,,,,,,,,,,,,,,,,,,,,,,,,,,,NaN,,,,,,,
43292423,Travis d'Arnaud,C,,LAA,ARI,IL,2000,0,0,,0,0,0,0,0,100,4.6164,9.5328,,,,,,,,,,,,,,,,,,,,,,,,,,,,,,,,,,,,,,,,,,,,NaN,,,,,,,
43292869,Travis Adams,P,,MIN,TEX,,4000,0,0,,0,0,0,0,0,100,4.038,8.624600000000001,,,,,,,,,,,,,,,,,,,,,,,,,,,,,,,,,,,,,,,,,,,,NaN,,,,,,,
43292421,Adam Frazier,2B,,LAA,ARI,IL,2000,0,0,,0,0,0,0,0,100,4.6164,9.5328,,,,,,,,,,,,,,,,,,,,,,,,,,,,,,,,,,,,,,,,,,,,NaN,,,,,,,
43292691,Brandyn Garcia,P,,ARI,LAA,,4000,0,0,,0,0,0,0,0,100,4.9164,9.5328,,,,,,,,,,,,,,,,,,,,,,,,,,,,,,,,,,,,,,,,,,,,NaN,,,,,,,
43292302,Miguel Rojas,2B/SS,,LAD,TB,,2300,0,0,,0,0,0,0,0,100,5.3588,9.7982,,,,,,,,,,,,,,,,,,,,,,,,,,,,,,,,,,,,,,,,,,,,NaN,,,,,,,
43292452,Jhostynxon Garcia,OF,,PIT,ATH,,2000,0,0,,0,0,0,0,0,100,5.2594,10.499600000000001,,,,,,,,,,,,,,,,,,,,,,,,,,,,,,,,,,,,,,,,,,,,NaN,,,,,,,
43292482,Yoshinobu Yamamoto,P,,LAD,TB,,10800,0,0,,0,0,0,0,0,100,5.3588,9.7982,,,,,,,,,,,,,,,,,,,,,,,,,,,,,,,,,,,,,,,,,,,,NaN,,,,,,,
43292541,Andre Pallante,P,,STL,SD,,7300,0,0,,0,0,0,0,0,100,4.7374,8.9658,,,,,,,,,,,,,,,,,,,,,,,,,,,,,,,,,,,,,,,,,,,,NaN,,,,,,,
43292533,Cade Horton,P,,CHC,COL,IL,7500,0,0,,0,0,0,0,0,100,5.7586,9.8432,,,,,,,,,,,,,,,,,,,,,,,,,,,,,,,,,,,,,,,,,,,,NaN,,,,,,,
43292523,Joe Musgrove,P,,SD,STL,IL,7800,0,0,,0,0,0,0,0,100,4.2284,8.9658,,,,,,,,,,,,,,,,,,,,,,,,,,,,,,,,,,,,,,,,,,,,NaN,,,,,,,
43292788,Seth Halvorsen,P,,COL,CHC,,4000,0,0,,0,0,0,0,0,100,4.0846,9.8432,,,,,,,,,,,,,,,,,,,,,,,,,,,,,,,,,,,,,,,,,,,,NaN,,,,,,,
43292520,Emmet Sheehan,P,,LAD,TB,,7800,0,0,,0,0,0,0,0,100,5.3588,9.7982,,,,,,,,,,,,,,,,,,,,,,,,,,,,,,,,,,,,,,,,,,,,NaN,,,,,,,
43292824,Carter Baumler,P,,TEX,MIN,IL,4000,0,0,,0,0,0,0,0,100,4.5866,8.624600000000001,,,,,,,,,,,,,,,,,,,,,,,,,,,,,,,,,,,,,,,,,,,,NaN,,,,,,,
43292770,Daniel Duarte,P,,NYM,CIN,,4000,0,0,,0,0,0,0,0,100,4.3026,8.966000000000001,,,,,,,,,,,,,,,,,,,,,,,,,,,,,,,,,,,,,,,,,,,,NaN,,,,,,,
43292862,Jayden Murray,P,,HOU,DET,,4000,0,0,,0,0,0,0,0,100,4.6314,9.278400000000001,,,,,,,,,,,,,,,,,,,,,,,,,,,,,,,,,,,,,,,,,,,,NaN,,,,,,,
43292478,Davis Wendzel,1B,,PIT,ATH,,2000,0,0,,0,0,0,0,0,100,5.2594,10.499600000000001,,,,,,,,,,,,,,,,,,,,,,,,,,,,,,,,,,,,,,,,,,,,NaN,,,,,,,
43292663,Braden Nett,P,,ATH,PIT,,4000,0,0,,0,0,0,0,0,100,5.2402,10.499600000000001,,,,,,,,,,,,,,,,,,,,,,,,,,,,,,,,,,,,,,,,,,,,NaN,,,,,,,
43292474,Jose Trevino,C,,CIN,NYM,,2000,0,0,,0,0,0,0,0,100,4.6634,8.966000000000001,,,,,,,,,,,,,,,,,,,,,,,,,,,,,,,,,,,,,,,,,,,,NaN,,,,,,,
43292500,Nick Pivetta,P,,SD,STL,IL,8800,0,0,,0,0,0,0,0,100,4.2284,8.9658,,,,,,,,,,,,,,,,,,,,,,,,,,,,,,,,,,,,,,,,,,,,NaN,,,,,,,
43292366,Ramon Laureano,OF,,SD,STL,IL,3200,0,0,,0,0,0,0,0,100,4.2284,8.9658,,,,,,,,,,,,,,,,,,,,,,,,,,,,,,,,,,,,,,,,,,,,NaN,,,,,,,
43292497,Roki Sasaki,P,,LAD,TB,,8800,0,0,,0,0,0,0,0,100,5.3588,9.7982,,,,,,,,,,,,,,,,,,,,,,,,,,,,,,,,,,,,,,,,,,,,NaN,,,,,,,
43292512,Zebby Matthews,P,,MIN,TEX,,8000,0,0,,0,0,0,0,0,100,4.038,8.624600000000001,,,,,,,,,,,,,,,,,,,,,,,,,,,,,,,,,,,,,,,,,,,,NaN,,,,,,,
43292735,Paul Gervase,P,,LAD,TB,,4000,0,0,,0,0,0,0,0,100,5.3588,9.7982,,,,,,,,,,,,,,,,,,,,,,,,,,,,,,,,,,,,,,,,,,,,NaN,,,,,,,
43292561,Walker Buehler,P,,SD,STL,,6800,0,0,,0,0,0,0,0,100,4.2284,8.9658,,,,,,,,,,,,,,,,,,,,,,,,,,,,,,,,,,,,,,,,,,,,NaN,,,,,,,
43292531,Eduardo Rodriguez,P,,ARI,LAA,,7500,0,0,,0,0,0,0,0,100,4.9164,9.5328,,,,,,,,,,,,,,,,,,,,,,,,,,,,,,,,,,,,,,,,,,,,NaN,,,,,,,
43292486,Spencer Arrighetti,P,,HOU,DET,,10000,0,0,,0,0,0,0,0,100,4.6314,9.278400000000001,,,,,,,,,,,,,,,,,,,,,,,,,,,,,,,,,,,,,,,,,,,,NaN,,,,,,,
43292529,Framber Valdez,P,,DET,HOU,,7500,0,0,,0,0,0,0,0,100,4.647,9.278400000000001,,,,,,,,,,,,,,,,,,,,,,,,,,,,,,,,,,,,,,,,,,,,NaN,,,,,,,
43292776,John Klein,P,,MIN,TEX,,4000,0,0,,0,0,0,0,0,100,4.038,8.624600000000001,,,,,,,,,,,,,,,,,,,,,,,,,,,,,,,,,,,,,,,,,,,,NaN,,,,,,,
43292654,Antoine Kelly,P,,CHC,COL,,4000,0,0,,0,0,0,0,0,100,5.7586,9.8432,,,,,,,,,,,,,,,,,,,,,,,,,,,,,,,,,,,,,,,,,,,,NaN,,,,,,,
43292331,Freddy Fermin,C,,SD,STL,IL,2100,0,0,,0,0,0,0,0,100,4.2284,8.9658,,,,,,,,,,,,,,,,,,,,,,,,,,,,,,,,,,,,,,,,,,,,NaN,,,,,,,
43292400,Jose Miranda,3B,,SD,STL,,2500,0,0,,0,0,0,0,0,100,4.2284,8.9658,,,,,,,,,,,,,,,,,,,,,,,,,,,,,,,,,,,,,,,,,,,,NaN,,,,,,,
43292425,Tyler Locklear,1B,,ARI,LAA,,2000,0,0,,0,0,0,0,0,100,4.9164,9.5328,,,,,,,,,,,,,,,,,,,,,,,,,,,,,,,,,,,,,,,,,,,,NaN,,,,,,,
43292354,Brenton Doyle,OF,,COL,CHC,IL,3500,0,0,,0,0,0,0,0,100,4.0846,9.8432,,,,,,,,,,,,,,,,,,,,,,,,,,,,,,,,,,,,,,,,,,,,NaN,,,,,,,
43292221,Alex Call,OF,,LAD,TB,,3100,0,0,,0,0,0,0,0,100,5.3588,9.7982,,,,,,,,,,,,,,,,,,,,,,,,,,,,,,,,,,,,,,,,,,,,NaN,,,,,,,
43292749,Ty Adcock,P,,SD,STL,,4000,0,0,,0,0,0,0,0,100,4.2284,8.9658,,,,,,,,,,,,,,,,,,,,,,,,,,,,,,,,,,,,,,,,,,,,NaN,,,,,,,
43292628,Landon Knack,P,,LAD,TB,IL,5800,0,0,,0,0,0,0,0,100,5.3588,9.7982,,,,,,,,,,,,,,,,,,,,,,,,,,,,,,,,,,,,,,,,,,,,NaN,,,,,,,
43292801,Burch Smith,P,,DET,HOU,IL,4000,0,0,,0,0,0,0,0,100,4.647,9.278400000000001,,,,,,,,,,,,,,,,,,,,,,,,,,,,,,,,,,,,,,,,,,,,NaN,,,,,,,
43292861,Tayler Saucedo,P,,LAA,ARI,,4000,0,0,,0,0,0,0,0,100,4.6164,9.5328,,,,,,,,,,,,,,,,,,,,,,,,,,,,,,,,,,,,,,,,,,,,NaN,,,,,,,
43292504,Corbin Burnes,P,,ARI,LAA,IL,8500,0,0,,0,0,0,0,0,100,4.9164,9.5328,,,,,,,,,,,,,,,,,,,,,,,,,,,,,,,,,,,,,,,,,,,,NaN,,,,,,,
43292683,Pierson Ohl,P,,COL,CHC,IL,4000,0,0,,0,0,0,0,0,100,4.0846,9.8432,,,,,,,,,,,,,,,,,,,,,,,,,,,,,,,,,,,,,,,,,,,,NaN,,,,,,,
43292528,Casey Mize,P,,DET,HOU,IL,7500,0,0,,0,0,0,0,0,100,4.647,9.278400000000001,,,,,,,,,,,,,,,,,,,,,,,,,,,,,,,,,,,,,,,,,,,,NaN,,,,,,,
43292570,Joey Estes,P,,ATH,PIT,,6700,0,0,,0,0,0,0,0,100,5.2402,10.499600000000001,,,,,,,,,,,,,,,,,,,,,,,,,,,,,,,,,,,,,,,,,,,,NaN,,,,,,,
43292518,Joe Boyle,P,,TB,LAD,,8000,0,0,,0,0,0,0,0,100,4.4394,9.7982,,,,,,,,,,,,,,,,,,,,,,,,,,,,,,,,,,,,,,,,,,,,NaN,,,,,,,
43292580,Yilber Diaz,P,,ARI,LAA,,6500,0,0,,0,0,0,0,0,100,4.9164,9.5328,,,,,,,,,,,,,,,,,,,,,,,,,,,,,,,,,,,,,,,,,,,,NaN,,,,,,,
43292711,Gavin Collyer,P,,TEX,MIN,,4000,0,0,,0,0,0,0,0,100,4.5866,8.624600000000001,,,,,,,,,,,,,,,,,,,,,,,,,,,,,,,,,,,,,,,,,,,,NaN,,,,,,,
43292826,Casey Legumina,P,,TB,LAD,,4000,0,0,,0,0,0,0,0,100,4.4394,9.7982,,,,,,,,,,,,,,,,,,,,,,,,,,,,,,,,,,,,,,,,,,,,NaN,,,,,,,
43292581,Thomas Hatch,P,,ARI,LAA,,6500,0,0,,0,0,0,0,0,100,4.9164,9.5328,,,,,,,,,,,,,,,,,,,,,,,,,,,,,,,,,,,,,,,,,,,,NaN,,,,,,,
43292752,Drew Sommers,P,,DET,HOU,,4000,0,0,,0,0,0,0,0,100,4.647,9.278400000000001,,,,,,,,,,,,,,,,,,,,,,,,,,,,,,,,,,,,,,,,,,,,NaN,,,,,,,
43292479,Ryan Ritter,2B,,COL,CHC,,2000,0,0,,0,0,0,0,0,100,4.0846,9.8432,,,,,,,,,,,,,,,,,,,,,,,,,,,,,,,,,,,,,,,,,,,,NaN,,,,,,,
43292371,Evan Carter,OF,,TEX,MIN,IL,3000,0,0,,0,0,0,0,0,100,4.5866,8.624600000000001,,,,,,,,,,,,,,,,,,,,,,,,,,,,,,,,,,,,,,,,,,,,NaN,,,,,,,
43292737,Ryan Rolison,P,,CHC,COL,,4000,0,0,,0,0,0,0,0,100,5.7586,9.8432,,,,,,,,,,,,,,,,,,,,,,,,,,,,,,,,,,,,,,,,,,,,NaN,,,,,,,
43292647,Jose Quintana,P,,COL,CHC,IL,5500,0,0,,0,0,0,0,0,100,4.0846,9.8432,,,,,,,,,,,,,,,,,,,,,,,,,,,,,,,,,,,,,,,,,,,,NaN,,,,,,,
43292495,Nolan McLean,P,,NYM,CIN,,8800,0,0,,0,0,0,0,0,100,4.3026,8.966000000000001,,,,,,,,,,,,,,,,,,,,,,,,,,,,,,,,,,,,,,,,,,,,NaN,,,,,,,
43292511,Taj Bradley,P,,MIN,TEX,,8000,0,0,,0,0,0,0,0,100,4.038,8.624600000000001,,,,,,,,,,,,,,,,,,,,,,,,,,,,,,,,,,,,,,,,,,,,NaN,,,,,,,
43292605,Chris Paddack,P,,CIN,NYM,,6000,0,0,,0,0,0,0,0,100,4.6634,8.966000000000001,,,,,,,,,,,,,,,,,,,,,,,,,,,,,,,,,,,,,,,,,,,,NaN,,,,,,,
43292534,Merrill Kelly,P,,ARI,LAA,,7500,0,0,,0,0,0,0,0,100,4.9164,9.5328,,,,,,,,,,,,,,,,,,,,,,,,,,,,,,,,,,,,,,,,,,,,NaN,,,,,,,
43292386,Yoan Moncada,3B,,LAA,ARI,IL,2600,0,0,,0,0,0,0,0,100,4.6164,9.5328,,,,,,,,,,,,,,,,,,,,,,,,,,,,,,,,,,,,,,,,,,,,NaN,,,,,,,
43292412,Joey Bart,C,,PIT,ATH,IL,2000,0,0,,0,0,0,0,0,100,5.2594,10.499600000000001,,,,,,,,,,,,,,,,,,,,,,,,,,,,,,,,,,,,,,,,,,,,NaN,,,,,,,
43292563,Cody Bradford,P,,TEX,MIN,IL,6800,0,0,,0,0,0,0,0,100,4.5866,8.624600000000001,,,,,,,,,,,,,,,,,,,,,,,,,,,,,,,,,,,,,,,,,,,,NaN,,,,,,,
43292777,Hunter Bigge,P,,TB,LAD,,4000,0,0,,0,0,0,0,0,100,4.4394,9.7982,,,,,,,,,,,,,,,,,,,,,,,,,,,,,,,,,,,,,,,,,,,,NaN,,,,,,,
43292613,Marco Raya,P,,MIN,TEX,,6000,0,0,,0,0,0,0,0,100,4.038,8.624600000000001,,,,,,,,,,,,,,,,,,,,,,,,,,,,,,,,,,,,,,,,,,,,NaN,,,,,,,
43292661,Nick Frasso,P,,LAD,TB,,4000,0,0,,0,0,0,0,0,100,5.3588,9.7982,,,,,,,,,,,,,,,,,,,,,,,,,,,,,,,,,,,,,,,,,,,,NaN,,,,,,,
43292848,Manuel Rodriguez,P,,TB,LAD,IL,4000,0,0,,0,0,0,0,0,100,4.4394,9.7982,,,,,,,,,,,,,,,,,,,,,,,,,,,,,,,,,,,,,,,,,,,,NaN,,,,,,,
43292283,Chad Stevens,2B/3B,,COL,CHC,,2500,0,0,,0,0,0,0,0,100,4.0846,9.8432,,,,,,,,,,,,,,,,,,,,,,,,,,,,,,,,,,,,,,,,,,,,NaN,,,,,,,
43292698,Beau Brieske,P,,DET,HOU,,4000,0,0,,0,0,0,0,0,100,4.647,9.278400000000001,,,,,,,,,,,,,,,,,,,,,,,,,,,,,,,,,,,,,,,,,,,,NaN,,,,,,,
43292440,Dom Keegan,C,,TB,LAD,,2000,0,0,,0,0,0,0,0,100,4.4394,9.7982,,,,,,,,,,,,,,,,,,,,,,,,,,,,,,,,,,,,,,,,,,,,NaN,,,,,,,
43292403,LaMonte Wade Jr.,OF,,HOU,DET,IL,2300,0,0,,0,0,0,0,0,100,4.6314,9.278400000000001,,,,,,,,,,,,,,,,,,,,,,,,,,,,,,,,,,,,,,,,,,,,NaN,,,,,,,
43292553,Brady Singer,P,,CIN,NYM,,7000,0,0,,0,0,0,0,0,100,4.6634,8.966000000000001,,,,,,,,,,,,,,,,,,,,,,,,,,,,,,,,,,,,,,,,,,,,NaN,,,,,,,
43292833,Kade Strowd,P,,ARI,LAA,,4000,0,0,,0,0,0,0,0,100,4.9164,9.5328,,,,,,,,,,,,,,,,,,,,,,,,,,,,,,,,,,,,,,,,,,,,NaN,,,,,,,
43292803,Luis Mey,P,,CIN,NYM,,4000,0,0,,0,0,0,0,0,100,4.6634,8.966000000000001,,,,,,,,,,,,,,,,,,,,,,,,,,,,,,,,,,,,,,,,,,,,NaN,,,,,,,
43292575,Sean Manaea,P,,NYM,CIN,,6600,0,0,,0,0,0,0,0,100,4.3026,8.966000000000001,,,,,,,,,,,,,,,,,,,,,,,,,,,,,,,,,,,,,,,,,,,,NaN,,,,,,,
43292828,Kody Funderburk,P,,MIN,TEX,,4000,0,0,,0,0,0,0,0,100,4.038,8.624600000000001,,,,,,,,,,,,,,,,,,,,,,,,,,,,,,,,,,,,,,,,,,,,NaN,,,,,,,
43292453,Alan Roden,OF,,MIN,TEX,IL,2000,0,0,,0,0,0,0,0,100,4.038,8.624600000000001,,,,,,,,,,,,,,,,,,,,,,,,,,,,,,,,,,,,,,,,,,,,NaN,,,,,,,
43292224,Matt Vierling,OF,,DET,HOU,,3100,0,0,,0,0,0,0,0,100,4.647,9.278400000000001,,,,,,,,,,,,,,,,,,,,,,,,,,,,,,,,,,,,,,,,,,,,NaN,,,,,,,
43292607,Brandon Williamson,P,,CIN,NYM,IL,6000,0,0,,0,0,0,0,0,100,4.6634,8.966000000000001,,,,,,,,,,,,,,,,,,,,,,,,,,,,,,,,,,,,,,,,,,,,NaN,,,,,,,
43292514,Peter Lambert,P,,HOU,DET,,8000,0,0,,0,0,0,0,0,100,4.6314,9.278400000000001,,,,,,,,,,,,,,,,,,,,,,,,,,,,,,,,,,,,,,,,,,,,NaN,,,,,,,
43292228,Carson Kelly,C,,CHC,COL,,3100,0,0,,0,0,0,0,0,100,5.7586,9.8432,,,,,,,,,,,,,,,,,,,,,,,,,,,,,,,,,,,,,,,,,,,,NaN,,,,,,,
43292347,Luis Robert Jr.,OF,,NYM,CIN,IL,4000,0,0,,0,0,0,0,0,100,4.3026,8.966000000000001,,,,,,,,,,,,,,,,,,,,,,,,,,,,,,,,,,,,,,,,,,,,NaN,,,,,,,
43292539,Grayson Rodriguez,P,,LAA,ARI,IL,7300,0,0,,0,0,0,0,0,100,4.6164,9.5328,,,,,,,,,,,,,,,,,,,,,,,,,,,,,,,,,,,,,,,,,,,,NaN,,,,,,,
43292314,Orlando Arcia,1B/SS,,MIN,TEX,,2200,0,0,,0,0,0,0,0,100,4.038,8.624600000000001,,,,,,,,,,,,,,,,,,,,,,,,,,,,,,,,,,,,,,,,,,,,NaN,,,,,,,
43292568,Luis Morales,P,,ATH,PIT,,6700,0,0,,0,0,0,0,0,100,5.2402,10.499600000000001,,,,,,,,,,,,,,,,,,,,,,,,,,,,,,,,,,,,,,,,,,,,NaN,,,,,,,
43292206,Richie Palacios,2B,,TB,LAD,,3300,0,0,,0,0,0,0,0,100,4.4394,9.7982,,,,,,,,,,,,,,,,,,,,,,,,,,,,,,,,,,,,,,,,,,,,NaN,,,,,,,
43292790,John Curtiss,P,,ARI,LAA,,4000,0,0,,0,0,0,0,0,100,4.9164,9.5328,,,,,,,,,,,,,,,,,,,,,,,,,,,,,,,,,,,,,,,,,,,,NaN,,,,,,,
43292754,Angel Perdomo,P,,LAA,ARI,,4000,0,0,,0,0,0,0,0,100,4.6164,9.5328,,,,,,,,,,,,,,,,,,,,,,,,,,,,,,,,,,,,,,,,,,,,NaN,,,,,,,
43292473,Cesar Prieto,3B,,STL,SD,,2000,0,0,,0,0,0,0,0,100,4.7374,8.9658,,,,,,,,,,,,,,,,,,,,,,,,,,,,,,,,,,,,,,,,,,,,NaN,,,,,,,
43292697,Brenan Hanifee,P,,DET,HOU,,4000,0,0,,0,0,0,0,0,100,4.647,9.278400000000001,,,,,,,,,,,,,,,,,,,,,,,,,,,,,,,,,,,,,,,,,,,,NaN,,,,,,,
43292345,Francisco Lindor,SS,,NYM,CIN,IL,4500,0,0,,0,0,0,0,0,100,4.3026,8.966000000000001,,,,,,,,,,,,,,,,,,,,,,,,,,,,,,,,,,,,,,,,,,,,NaN,,,,,,,
43292492,Shane McClanahan,P,,TB,LAD,,9000,0,0,,0,0,0,0,0,100,4.4394,9.7982,,,,,,,,,,,,,,,,,,,,,,,,,,,,,,,,,,,,,,,,,,,,NaN,,,,,,,
43292211,Ryan Waldschmidt,OF,,ARI,LAA,,3200,0,0,,0,0,0,0,0,100,4.9164,9.5328,,,,,,,,,,,,,,,,,,,,,,,,,,,,,,,,,,,,,,,,,,,,NaN,,,,,,,
43292312,Jase Bowen,OF,,SD,STL,,2300,0,0,,0,0,0,0,0,100,4.2284,8.9658,,,,,,,,,,,,,,,,,,,,,,,,,,,,,,,,,,,,,,,,,,,,NaN,,,,,,,
43292515,Brandon Walter,P,,HOU,DET,IL,8000,0,0,,0,0,0,0,0,100,4.6314,9.278400000000001,,,,,,,,,,,,,,,,,,,,,,,,,,,,,,,,,,,,,,,,,,,,NaN,,,,,,,
43292645,McCade Brown,P,,COL,CHC,IL,5500,0,0,,0,0,0,0,0,100,4.0846,9.8432,,,,,,,,,,,,,,,,,,,,,,,,,,,,,,,,,,,,,,,,,,,,NaN,,,,,,,
43292579,Colin Rea,P,,CHC,COL,,6500,0,0,,0,0,0,0,0,100,5.7586,9.8432,,,,,,,,,,,,,,,,,,,,,,,,,,,,,,,,,,,,,,,,,,,,NaN,,,,,,,
43292868,Chris Martin,P,,TEX,MIN,IL,4000,0,0,,0,0,0,0,0,100,4.5866,8.624600000000001,,,,,,,,,,,,,,,,,,,,,,,,,,,,,,,,,,,,,,,,,,,,NaN,,,,,,,
43292867,Jalen Beeks,P,,TEX,MIN,IL,4000,0,0,,0,0,0,0,0,100,4.5866,8.624600000000001,,,,,,,,,,,,,,,,,,,,,,,,,,,,,,,,,,,,,,,,,,,,NaN,,,,,,,
43292178,Ildemaro Vargas,1B/2B,,ARI,LAA,,3600,0,0,,0,0,0,0,0,100,4.9164,9.5328,,,,,,,,,,,,,,,,,,,,,,,,,,,,,,,,,,,,,,,,,,,,NaN,,,,,,,
43292368,Christian Moore,2B,,LAA,ARI,,3100,0,0,,0,0,0,0,0,100,4.6164,9.5328,,,,,,,,,,,,,,,,,,,,,,,,,,,,,,,,,,,,,,,,,,,,NaN,,,,,,,
43292732,Brooks Kriske,P,,ATH,PIT,IL,4000,0,0,,0,0,0,0,0,100,5.2402,10.499600000000001,,,,,,,,,,,,,,,,,,,,,,,,,,,,,,,,,,,,,,,,,,,,NaN,,,,,,,
43292429,Tyler Austin,1B/OF,,CHC,COL,IL,2000,0,0,,0,0,0,0,0,100,5.7586,9.8432,,,,,,,,,,,,,,,,,,,,,,,,,,,,,,,,,,,,,,,,,,,,NaN,,,,,,,
43292346,Teoscar Hernandez,OF,,LAD,TB,IL,4300,0,0,,0,0,0,0,0,100,5.3588,9.7982,,,,,,,,,,,,,,,,,,,,,,,,,,,,,,,,,,,,,,,,,,,,NaN,,,,,,,
43292840,Emilio Pagan,P,,CIN,NYM,IL,4000,0,0,,0,0,0,0,0,100,4.6634,8.966000000000001,,,,,,,,,,,,,,,,,,,,,,,,,,,,,,,,,,,,,,,,,,,,NaN,,,,,,,
43292673,Miguel Mendez,P,,SD,STL,,4000,0,0,,0,0,0,0,0,100,4.2284,8.9658,,,,,,,,,,,,,,,,,,,,,,,,,,,,,,,,,,,,,,,,,,,,NaN,,,,,,,
43292538,Tylor Megill,P,,NYM,CIN,IL,7300,0,0,,0,0,0,0,0,100,4.3026,8.966000000000001,,,,,,,,,,,,,,,,,,,,,,,,,,,,,,,,,,,,,,,,,,,,NaN,,,,,,,
43292388,Gage Workman,2B/3B,,DET,HOU,,2600,0,0,,0,0,0,0,0,100,4.647,9.278400000000001,,,,,,,,,,,,,,,,,,,,,,,,,,,,,,,,,,,,,,,,,,,,NaN,,,,,,,
43292428,Eduardo Valencia,C,,DET,HOU,,2000,0,0,,0,0,0,0,0,100,4.647,9.278400000000001,,,,,,,,,,,,,,,,,,,,,,,,,,,,,,,,,,,,,,,,,,,,NaN,,,,,,,
43292270,Nelson Velazquez,OF,,STL,SD,,2700,0,0,,0,0,0,0,0,100,4.7374,8.9658,,,,,,,,,,,,,,,,,,,,,,,,,,,,,,,,,,,,,,,,,,,,NaN,,,,,,,
43292682,Jose Corniell,P,,TEX,MIN,,4000,0,0,,0,0,0,0,0,100,4.5866,8.624600000000001,,,,,,,,,,,,,,,,,,,,,,,,,,,,,,,,,,,,,,,,,,,,NaN,,,,,,,
43292338,Vidal Brujan,SS/OF,,NYM,CIN,,2000,0,0,,0,0,0,0,0,100,4.3026,8.966000000000001,,,,,,,,,,,,,,,,,,,,,,,,,,,,,,,,,,,,,,,,,,,,NaN,,,,,,,
43292751,Elvis Alvarado,P,,ATH,PIT,,4000,0,0,,0,0,0,0,0,100,5.2402,10.499600000000001,,,,,,,,,,,,,,,,,,,,,,,,,,,,,,,,,,,,,,,,,,,,NaN,,,,,,,
43292336,Raynel Delgado,SS,,HOU,DET,,2000,0,0,,0,0,0,0,0,100,4.6314,9.278400000000001,,,,,,,,,,,,,,,,,,,,,,,,,,,,,,,,,,,,,,,,,,,,NaN,,,,,,,
43292189,Brooks Lee,3B,,MIN,TEX,,3500,0,0,,0,0,0,0,0,100,4.038,8.624600000000001,,,,,,,,,,,,,,,,,,,,,,,,,,,,,,,,,,,,,,,,,,,,NaN,,,,,,,
43292521,Randy Vasquez,P,,SD,STL,,7800,0,0,,0,0,0,0,0,100,4.2284,8.9658,,,,,,,,,,,,,,,,,,,,,,,,,,,,,,,,,,,,,,,,,,,,NaN,,,,,,,
43292513,Ronel Blanco,P,,HOU,DET,IL,8000,0,0,,0,0,0,0,0,100,4.6314,9.278400000000001,,,,,,,,,,,,,,,,,,,,,,,,,,,,,,,,,,,,,,,,,,,,NaN,,,,,,,
43292658,Blake Walston,P,,ARI,LAA,IL,4000,0,0,,0,0,0,0,0,100,4.9164,9.5328,,,,,,,,,,,,,,,,,,,,,,,,,,,,,,,,,,,,,,,,,,,,NaN,,,,,,,
43292402,Sebastian Rivero,C,,LAA,ARI,IL,2300,0,0,,0,0,0,0,0,100,4.6164,9.5328,,,,,,,,,,,,,,,,,,,,,,,,,,,,,,,,,,,,,,,,,,,,NaN,,,,,,,
43292700,Bailey Horn,P,,DET,HOU,IL,4000,0,0,,0,0,0,0,0,100,4.647,9.278400000000001,,,,,,,,,,,,,,,,,,,,,,,,,,,,,,,,,,,,,,,,,,,,NaN,,,,,,,
43292619,Thomas Harrington,P,,PIT,ATH,,6000,0,0,,0,0,0,0,0,100,5.2594,10.499600000000001,,,,,,,,,,,,,,,,,,,,,,,,,,,,,,,,,,,,,,,,,,,,NaN,,,,,,,
43292669,Michael Grove,P,,TB,LAD,IL,4000,0,0,,0,0,0,0,0,100,4.4394,9.7982,,,,,,,,,,,,,,,,,,,,,,,,,,,,,,,,,,,,,,,,,,,,NaN,,,,,,,
43292293,Hunter Feduccia,C,,TB,LAD,,2400,0,0,,0,0,0,0,0,100,4.4394,9.7982,,,,,,,,,,,,,,,,,,,,,,,,,,,,,,,,,,,,,,,,,,,,NaN,,,,,,,
43292457,Zac Veen,OF,,COL,CHC,,2000,0,0,,0,0,0,0,0,100,4.0846,9.8432,,,,,,,,,,,,,,,,,,,,,,,,,,,,,,,,,,,,,,,,,,,,NaN,,,,,,,
43292745,Welinton Herrera,P,,COL,CHC,IL,4000,0,0,,0,0,0,0,0,100,4.0846,9.8432,,,,,,,,,,,,,,,,,,,,,,,,,,,,,,,,,,,,,,,,,,,,NaN,,,,,,,
43292337,Jake Rogers,C,,DET,HOU,,2000,0,0,,0,0,0,0,0,100,4.647,9.278400000000001,,,,,,,,,,,,,,,,,,,,,,,,,,,,,,,,,,,,,,,,,,,,NaN,,,,,,,
43292555,Connor Prielipp,P,,MIN,TEX,,7000,0,0,,0,0,0,0,0,100,4.038,8.624600000000001,,,,,,,,,,,,,,,,,,,,,,,,,,,,,,,,,,,,,,,,,,,,NaN,,,,,,,
43292630,Gavin Stone,P,,LAD,TB,IL,5800,0,0,,0,0,0,0,0,100,5.3588,9.7982,,,,,,,,,,,,,,,,,,,,,,,,,,,,,,,,,,,,,,,,,,,,NaN,,,,,,,
43292667,Ronan Kopp,P,,LAD,TB,,4000,0,0,,0,0,0,0,0,100,5.3588,9.7982,,,,,,,,,,,,,,,,,,,,,,,,,,,,,,,,,,,,,,,,,,,,NaN,,,,,,,
43292652,Cooper Hjerpe,P,,STL,SD,IL,4000,0,0,,0,0,0,0,0,100,4.7374,8.9658,,,,,,,,,,,,,,,,,,,,,,,,,,,,,,,,,,,,,,,,,,,,NaN,,,,,,,
43292542,Matthew Liberatore,P,,STL,SD,,7300,0,0,,0,0,0,0,0,100,4.7374,8.9658,,,,,,,,,,,,,,,,,,,,,,,,,,,,,,,,,,,,,,,,,,,,NaN,,,,,,,
43292341,Oneil Cruz,OF,,PIT,ATH,IL,5700,0,0,,0,0,0,0,0,100,5.2594,10.499600000000001,,,,,,,,,,,,,,,,,,,,,,,,,,,,,,,,,,,,,,,,,,,,NaN,,,,,,,
43292696,Porter Hodge,P,,CHC,COL,IL,4000,0,0,,0,0,0,0,0,100,5.7586,9.8432,,,,,,,,,,,,,,,,,,,,,,,,,,,,,,,,,,,,,,,,,,,,NaN,,,,,,,
43292572,Kade Morris,P,,ATH,PIT,,6700,0,0,,0,0,0,0,0,100,5.2402,10.499600000000001,,,,,,,,,,,,,,,,,,,,,,,,,,,,,,,,,,,,,,,,,,,,NaN,,,,,,,
43292156,Colby Thomas,OF,,ATH,PIT,,4000,0,0,,0,0,0,0,0,100,5.2402,10.499600000000001,,,,,,,,,,,,,,,,,,,,,,,,,,,,,,,,,,,,,,,,,,,,NaN,,,,,,,
43292499,Blake Snell,P,,LAD,TB,IL,8800,0,0,,0,0,0,0,0,100,5.3588,9.7982,,,,,,,,,,,,,,,,,,,,,,,,,,,,,,,,,,,,,,,,,,,,NaN,,,,,,,
43292308,Santiago Espinal,2B/3B,,LAD,TB,,2300,0,0,,0,0,0,0,0,100,5.3588,9.7982,,,,,,,,,,,,,,,,,,,,,,,,,,,,,,,,,,,,,,,,,,,,NaN,,,,,,,
43292382,Alek Thomas,OF,,LAD,TB,,2700,0,0,,0,0,0,0,0,100,5.3588,9.7982,,,,,,,,,,,,,,,,,,,,,,,,,,,,,,,,,,,,,,,,,,,,NaN,,,,,,,
43292796,Dedniel Nunez,P,,NYM,CIN,IL,4000,0,0,,0,0,0,0,0,100,4.3026,8.966000000000001,,,,,,,,,,,,,,,,,,,,,,,,,,,,,,,,,,,,,,,,,,,,NaN,,,,,,,
43292424,James McCann,C,,ARI,LAA,IL,2000,0,0,,0,0,0,0,0,100,4.9164,9.5328,,,,,,,,,,,,,,,,,,,,,,,,,,,,,,,,,,,,,,,,,,,,NaN,,,,,,,
43292830,David Morgan,P,,SD,STL,,4000,0,0,,0,0,0,0,0,100,4.2284,8.9658,,,,,,,,,,,,,,,,,,,,,,,,,,,,,,,,,,,,,,,,,,,,NaN,,,,,,,
43292649,Winston Santos,P,,TEX,MIN,,4000,0,0,,0,0,0,0,0,100,4.5866,8.624600000000001,,,,,,,,,,,,,,,,,,,,,,,,,,,,,,,,,,,,,,,,,,,,NaN,,,,,,,
43292845,Andrew Chafin,P,,CIN,NYM,,4000,0,0,,0,0,0,0,0,100,4.6634,8.966000000000001,,,,,,,,,,,,,,,,,,,,,,,,,,,,,,,,,,,,,,,,,,,,NaN,,,,,,,
43292729,Trent Thornton,P,,CHC,COL,,4000,0,0,,0,0,0,0,0,100,5.7586,9.8432,,,,,,,,,,,,,,,,,,,,,,,,,,,,,,,,,,,,,,,,,,,,NaN,,,,,,,
43292359,Kike Hernandez,3B/OF,,LAD,TB,IL,3300,0,0,,0,0,0,0,0,100,5.3588,9.7982,,,,,,,,,,,,,,,,,,,,,,,,,,,,,,,,,,,,,,,,,,,,NaN,,,,,,,
43292702,Eduarniel Nunez,P,,CHC,COL,,4000,0,0,,0,0,0,0,0,100,5.7586,9.8432,,,,,,,,,,,,,,,,,,,,,,,,,,,,,,,,,,,,,,,,,,,,NaN,,,,,,,
43292642,Chase Dollander,P,,COL,CHC,IL,5500,0,0,,0,0,0,0,0,100,4.0846,9.8432,,,,,,,,,,,,,,,,,,,,,,,,,,,,,,,,,,,,,,,,,,,,NaN,,,,,,,
43292678,Leandro Lopez,P,,TEX,MIN,,4000,0,0,,0,0,0,0,0,100,4.5866,8.624600000000001,,,,,,,,,,,,,,,,,,,,,,,,,,,,,,,,,,,,,,,,,,,,NaN,,,,,,,
43292397,Javier Baez,SS/OF,,DET,HOU,IL,2500,0,0,,0,0,0,0,0,100,4.647,9.278400000000001,,,,,,,,,,,,,,,,,,,,,,,,,,,,,,,,,,,,,,,,,,,,NaN,,,,,,,
43292616,Hunter Barco,P,,PIT,ATH,,6000,0,0,,0,0,0,0,0,100,5.2594,10.499600000000001,,,,,,,,,,,,,,,,,,,,,,,,,,,,,,,,,,,,,,,,,,,,NaN,,,,,,,
43292686,Luis Peralta,P,,CHC,COL,,4000,0,0,,0,0,0,0,0,100,5.7586,9.8432,,,,,,,,,,,,,,,,,,,,,,,,,,,,,,,,,,,,,,,,,,,,NaN,,,,,,,
43292550,Lance McCullers Jr.,P,,HOU,DET,IL,7000,0,0,,0,0,0,0,0,100,4.6314,9.278400000000001,,,,,,,,,,,,,,,,,,,,,,,,,,,,,,,,,,,,,,,,,,,,NaN,,,,,,,
43292588,Tanner Gordon,P,,COL,CHC,IL,6500,0,0,,0,0,0,0,0,100,4.0846,9.8432,,,,,,,,,,,,,,,,,,,,,,,,,,,,,,,,,,,,,,,,,,,,NaN,,,,,,,
43292519,Mick Abel,P,,MIN,TEX,IL,8000,0,0,,0,0,0,0,0,100,4.038,8.624600000000001,,,,,,,,,,,,,,,,,,,,,,,,,,,,,,,,,,,,,,,,,,,,NaN,,,,,,,
43292665,Kohl Drake,P,,ARI,LAA,,4000,0,0,,0,0,0,0,0,100,4.9164,9.5328,,,,,,,,,,,,,,,,,,,,,,,,,,,,,,,,,,,,,,,,,,,,NaN,,,,,,,
43292562,Jordan Montgomery,P,,TEX,MIN,IL,6800,0,0,,0,0,0,0,0,100,4.5866,8.624600000000001,,,,,,,,,,,,,,,,,,,,,,,,,,,,,,,,,,,,,,,,,,,,NaN,,,,,,,
43292459,Ke'Bryan Hayes,3B,,CIN,NYM,IL,2000,0,0,,0,0,0,0,0,100,4.6634,8.966000000000001,,,,,,,,,,,,,,,,,,,,,,,,,,,,,,,,,,,,,,,,,,,,NaN,,,,,,,
43292477,Daniel Johnson,OF,,HOU,DET,,2000,0,0,,0,0,0,0,0,100,4.6314,9.278400000000001,,,,,,,,,,,,,,,,,,,,,,,,,,,,,,,,,,,,,,,,,,,,NaN,,,,,,,
43292739,Cristian Mena,P,,ARI,LAA,IL,4000,0,0,,0,0,0,0,0,100,4.9164,9.5328,,,,,,,,,,,,,,,,,,,,,,,,,,,,,,,,,,,,,,,,,,,,NaN,,,,,,,
43292860,TJ Shook,P,,COL,CHC,,4000,0,0,,0,0,0,0,0,100,4.0846,9.8432,,,,,,,,,,,,,,,,,,,,,,,,,,,,,,,,,,,,,,,,,,,,NaN,,,,,,,
43292590,Hunter Dobbins,P,,STL,SD,,6300,0,0,,0,0,0,0,0,100,4.7374,8.9658,,,,,,,,,,,,,,,,,,,,,,,,,,,,,,,,,,,,,,,,,,,,NaN,,,,,,,
43292664,Brusdar Graterol,P,,LAD,TB,IL,4000,0,0,,0,0,0,0,0,100,5.3588,9.7982,,,,,,,,,,,,,,,,,,,,,,,,,,,,,,,,,,,,,,,,,,,,NaN,,,,,,,
43292392,Carlos Santana,1B,,ARI,LAA,IL,2500,0,0,,0,0,0,0,0,100,4.9164,9.5328,,,,,,,,,,,,,,,,,,,,,,,,,,,,,,,,,,,,,,,,,,,,NaN,,,,,,,
43292767,Edwin Uceta,P,,TB,LAD,IL,4000,0,0,,0,0,0,0,0,100,4.4394,9.7982,,,,,,,,,,,,,,,,,,,,,,,,,,,,,,,,,,,,,,,,,,,,NaN,,,,,,,
43292784,A.J. Puk,P,,ARI,LAA,IL,4000,0,0,,0,0,0,0,0,100,4.9164,9.5328,,,,,,,,,,,,,,,,,,,,,,,,,,,,,,,,,,,,,,,,,,,,NaN,,,,,,,
43292750,Robert Garcia,P,,TEX,MIN,IL,4000,0,0,,0,0,0,0,0,100,4.5866,8.624600000000001,,,,,,,,,,,,,,,,,,,,,,,,,,,,,,,,,,,,,,,,,,,,NaN,,,,,,,
43292490,Drew Rasmussen,P,,TB,LAD,,9000,0,0,,0,0,0,0,0,100,4.4394,9.7982,,,,,,,,,,,,,,,,,,,,,,,,,,,,,,,,,,,,,,,,,,,,NaN,,,,,,,
43292713,Craig Kimbrel,P,,TB,LAD,,4000,0,0,,0,0,0,0,0,100,4.4394,9.7982,,,,,,,,,,,,,,,,,,,,,,,,,,,,,,,,,,,,,,,,,,,,NaN,,,,,,,
43292543,Griffin Jax,P,,TB,LAD,,7000,0,0,,0,0,0,0,0,100,4.4394,9.7982,,,,,,,,,,,,,,,,,,,,,,,,,,,,,,,,,,,,,,,,,,,,NaN,,,,,,,
43292415,Justin Dean,OF,,CHC,COL,,2000,0,0,,0,0,0,0,0,100,5.7586,9.8432,,,,,,,,,,,,,,,,,,,,,,,,,,,,,,,,,,,,,,,,,,,,NaN,,,,,,,
43292404,Tim Tawa,OF,,ARI,LAA,,2300,0,0,,0,0,0,0,0,100,4.9164,9.5328,,,,,,,,,,,,,,,,,,,,,,,,,,,,,,,,,,,,,,,,,,,,NaN,,,,,,,
43292701,Taylor Rashi,P,,MIN,TEX,,4000,0,0,,0,0,0,0,0,100,4.038,8.624600000000001,,,,,,,,,,,,,,,,,,,,,,,,,,,,,,,,,,,,,,,,,,,,NaN,,,,,,,
43292877,Christian Roa,P,,CHC,COL,,4000,0,0,,0,0,0,0,0,100,5.7586,9.8432,,,,,,,,,,,,,,,,,,,,,,,,,,,,,,,,,,,,,,,,,,,,NaN,,,,,,,
43292838,Isaac Mattson,P,,PIT,ATH,,4000,0,0,,0,0,0,0,0,100,5.2594,10.499600000000001,,,,,,,,,,,,,,,,,,,,,,,,,,,,,,,,,,,,,,,,,,,,NaN,,,,,,,
43292408,Ronny Mauricio,3B/SS,,NYM,CIN,IL,2000,0,0,,0,0,0,0,0,100,4.3026,8.966000000000001,,,,,,,,,,,,,,,,,,,,,,,,,,,,,,,,,,,,,,,,,,,,NaN,,,,,,,
43292852,Alex Carrillo,P,,NYM,CIN,,4000,0,0,,0,0,0,0,0,100,4.3026,8.966000000000001,,,,,,,,,,,,,,,,,,,,,,,,,,,,,,,,,,,,,,,,,,,,NaN,,,,,,,
43292219,Edouard Julien,1B/2B,,COL,CHC,,3100,0,0,,0,0,0,0,0,100,4.0846,9.8432,,,,,,,,,,,,,,,,,,,,,,,,,,,,,,,,,,,,,,,,,,,,NaN,,,,,,,
43292254,Alika Williams,2B/SS,,ATH,PIT,,2800,0,0,,0,0,0,0,0,100,5.2402,10.499600000000001,,,,,,,,,,,,,,,,,,,,,,,,,,,,,,,,,,,,,,,,,,,,NaN,,,,,,,
43292680,Justin Hagenman,P,,NYM,CIN,IL,4000,0,0,,0,0,0,0,0,100,4.3026,8.966000000000001,,,,,,,,,,,,,,,,,,,,,,,,,,,,,,,,,,,,,,,,,,,,NaN,,,,,,,
43292449,Tyler Fitzgerald,2B/OF,,LAD,TB,O,2000,0,0,,0,0,0,0,0,100,5.3588,9.7982,,,,,,,,,,,,,,,,,,,,,,,,,,,,,,,,,,,,,,,,,,,,NaN,,,,,,,
43292689,Alek Jacob,P,,SD,STL,,4000,0,0,,0,0,0,0,0,100,4.2284,8.9658,,,,,,,,,,,,,,,,,,,,,,,,,,,,,,,,,,,,,,,,,,,,NaN,,,,,,,
43292648,Nate Pearson,P,,HOU,DET,,4000,0,0,,0,0,0,0,0,100,4.6314,9.278400000000001,,,,,,,,,,,,,,,,,,,,,,,,,,,,,,,,,,,,,,,,,,,,NaN,,,,,,,
43292355,Jonny DeLuca,OF,,TB,LAD,IL,3500,0,0,,0,0,0,0,0,100,4.4394,9.7982,,,,,,,,,,,,,,,,,,,,,,,,,,,,,,,,,,,,,,,,,,,,NaN,,,,,,,
43292416,Thomas Saggese,2B/OF,,STL,SD,,2000,0,0,,0,0,0,0,0,100,4.7374,8.9658,,,,,,,,,,,,,,,,,,,,,,,,,,,,,,,,,,,,,,,,,,,,NaN,,,,,,,
43292589,Tomoyuki Sugano,P,,COL,CHC,,6500,0,0,,0,0,0,0,0,100,4.0846,9.8432,,,,,,,,,,,,,,,,,,,,,,,,,,,,,,,,,,,,,,,,,,,,NaN,,,,,,,
43292435,Leo Bernal,C,,STL,SD,,2000,0,0,,0,0,0,0,0,100,4.7374,8.9658,,,,,,,,,,,,,,,,,,,,,,,,,,,,,,,,,,,,,,,,,,,,NaN,,,,,,,
43292318,Jahmai Jones,OF,,DET,HOU,,2200,0,0,,0,0,0,0,0,100,4.647,9.278400000000001,,,,,,,,,,,,,,,,,,,,,,,,,,,,,,,,,,,,,,,,,,,,NaN,,,,,,,
43292875,Graham Ashcraft,P,,CIN,NYM,IL,4000,0,0,,0,0,0,0,0,100,4.6634,8.966000000000001,,,,,,,,,,,,,,,,,,,,,,,,,,,,,,,,,,,,,,,,,,,,NaN,,,,,,,
43292805,Justin Lawrence,P,,MIN,TEX,,4000,0,0,,0,0,0,0,0,100,4.038,8.624600000000001,,,,,,,,,,,,,,,,,,,,,,,,,,,,,,,,,,,,,,,,,,,,NaN,,,,,,,
43292472,Hayden Senger,C,,NYM,CIN,,2000,0,0,,0,0,0,0,0,100,4.3026,8.966000000000001,,,,,,,,,,,,,,,,,,,,,,,,,,,,,,,,,,,,,,,,,,,,NaN,,,,,,,
43292759,Andrew Saalfrank,P,,ARI,LAA,IL,4000,0,0,,0,0,0,0,0,100,4.9164,9.5328,,,,,,,,,,,,,,,,,,,,,,,,,,,,,,,,,,,,,,,,,,,,NaN,,,,,,,
43292301,Will Benson,OF,,CIN,NYM,,2400,0,0,,0,0,0,0,0,100,4.6634,8.966000000000001,,,,,,,,,,,,,,,,,,,,,,,,,,,,,,,,,,,,,,,,,,,,NaN,,,,,,,
43292798,Ethan Roberts,P,,CHC,COL,,4000,0,0,,0,0,0,0,0,100,5.7586,9.8432,,,,,,,,,,,,,,,,,,,,,,,,,,,,,,,,,,,,,,,,,,,,NaN,,,,,,,
43292485,Paul Skenes,P,,PIT,ATH,,10000,0,0,,0,0,0,0,0,100,5.2594,10.499600000000001,,,,,,,,,,,,,,,,,,,,,,,,,,,,,,,,,,,,,,,,,,,,NaN,,,,,,,
43292629,River Ryan,P,,LAD,TB,,5800,0,0,,0,0,0,0,0,100,5.3588,9.7982,,,,,,,,,,,,,,,,,,,,,,,,,,,,,,,,,,,,,,,,,,,,NaN,,,,,,,
43292636,Griffin Canning,P,,SD,STL,,5800,0,0,,0,0,0,0,0,100,4.2284,8.9658,,,,,,,,,,,,,,,,,,,,,,,,,,,,,,,,,,,,,,,,,,,,NaN,,,,,,,
43292584,Jordan Wicks,P,,CHC,COL,,6500,0,0,,0,0,0,0,0,100,5.7586,9.8432,,,,,,,,,,,,,,,,,,,,,,,,,,,,,,,,,,,,,,,,,,,,NaN,,,,,,,
43292307,Luis Torrens,C,,NYM,CIN,,2300,0,0,,0,0,0,0,0,100,4.3026,8.966000000000001,,,,,,,,,,,,,,,,,,,,,,,,,,,,,,,,,,,,,,,,,,,,NaN,,,,,,,
43292496,Justin Wrobleski,P,,LAD,TB,DTD,8800,0,0,,0,0,0,0,0,100,5.3588,9.7982,,,,,,,,,,,,,,,,,,,,,,,,,,,,,,,,,,,,,,,,,,,,NaN,,,,,,,
43292344,Ryan Jeffers,C,,MIN,TEX,IL,4700,0,0,,0,0,0,0,0,100,4.038,8.624600000000001,,,,,,,,,,,,,,,,,,,,,,,,,,,,,,,,,,,,,,,,,,,,NaN,,,,,,,
43292463,Nick Yorke,1B/3B,,PIT,ATH,,2000,0,0,,0,0,0,0,0,100,5.2594,10.499600000000001,,,,,,,,,,,,,,,,,,,,,,,,,,,,,,,,,,,,,,,,,,,,NaN,,,,,,,
43292786,Cole Sands,P,,MIN,TEX,IL,4000,0,0,,0,0,0,0,0,100,4.038,8.624600000000001,,,,,,,,,,,,,,,,,,,,,,,,,,,,,,,,,,,,,,,,,,,,NaN,,,,,,,
43292670,Alex Cook,P,,TB,LAD,,4000,0,0,,0,0,0,0,0,100,4.4394,9.7982,,,,,,,,,,,,,,,,,,,,,,,,,,,,,,,,,,,,,,,,,,,,NaN,,,,,,,
43292850,Wyatt Mills,P,,LAD,TB,,4000,0,0,,0,0,0,0,0,100,5.3588,9.7982,,,,,,,,,,,,,,,,,,,,,,,,,,,,,,,,,,,,,,,,,,,,NaN,,,,,,,
43292494,Freddy Peralta,P,,NYM,CIN,,8800,0,0,,0,0,0,0,0,100,4.3026,8.966000000000001,,,,,,,,,,,,,,,,,,,,,,,,,,,,,,,,,,,,,,,,,,,,NaN,,,,,,,
43292407,Jacob Melton,OF,,TB,LAD,IL,2300,0,0,,0,0,0,0,0,100,4.4394,9.7982,,,,,,,,,,,,,,,,,,,,,,,,,,,,,,,,,,,,,,,,,,,,NaN,,,,,,,
43292462,Bryce Teodosio,OF,,LAA,ARI,,2000,0,0,,0,0,0,0,0,100,4.6164,9.5328,,,,,,,,,,,,,,,,,,,,,,,,,,,,,,,,,,,,,,,,,,,,NaN,,,,,,,
43292373,Miguel Andujar,3B,,SD,STL,IL,3000,0,0,,0,0,0,0,0,100,4.2284,8.9658,,,,,,,,,,,,,,,,,,,,,,,,,,,,,,,,,,,,,,,,,,,,NaN,,,,,,,
43292265,Sterlin Thompson,OF,,COL,CHC,,2700,0,0,,0,0,0,0,0,100,4.0846,9.8432,,,,,,,,,,,,,,,,,,,,,,,,,,,,,,,,,,,,,,,,,,,,NaN,,,,,,,
43292379,Gavin Lux,OF,,TB,LAD,IL,2800,0,0,,0,0,0,0,0,100,4.4394,9.7982,,,,,,,,,,,,,,,,,,,,,,,,,,,,,,,,,,,,,,,,,,,,NaN,,,,,,,
43292432,Jack Brannigan,SS,,PIT,ATH,,2000,0,0,,0,0,0,0,0,100,5.2594,10.499600000000001,,,,,,,,,,,,,,,,,,,,,,,,,,,,,,,,,,,,,,,,,,,,NaN,,,,,,,
43292173,Max Muncy,3B,,ATH,PIT,,3700,0,0,,0,0,0,0,0,100,5.2402,10.499600000000001,,,,,,,,,,,,,,,,,,,,,,,,,,,,,,,,,,,,,,,,,,,,NaN,,,,,,,
43292558,Bubba Chandler,P,,PIT,ATH,,7000,0,0,,0,0,0,0,0,100,5.2594,10.499600000000001,,,,,,,,,,,,,,,,,,,,,,,,,,,,,,,,,,,,,,,,,,,,NaN,,,,,,,
43292674,Dylan Ray,P,,ARI,LAA,,4000,0,0,,0,0,0,0,0,100,4.9164,9.5328,,,,,,,,,,,,,,,,,,,,,,,,,,,,,,,,,,,,,,,,,,,,NaN,,,,,,,
43292627,Bobby Miller,P,,LAD,TB,IL,5800,0,0,,0,0,0,0,0,100,5.3588,9.7982,,,,,,,,,,,,,,,,,,,,,,,,,,,,,,,,,,,,,,,,,,,,NaN,,,,,,,
43292200,Nathaniel Lowe,1B,,CIN,NYM,,3400,0,0,,0,0,0,0,0,100,4.6634,8.966000000000001,,,,,,,,,,,,,,,,,,,,,,,,,,,,,,,,,,,,,,,,,,,,NaN,,,,,,,
43292839,Hunter Harvey,P,,CHC,COL,IL,4000,0,0,,0,0,0,0,0,100,5.7586,9.8432,,,,,,,,,,,,,,,,,,,,,,,,,,,,,,,,,,,,,,,,,,,,NaN,,,,,,,
43292222,Bryan Torres,2B/OF,,STL,SD,,3100,0,0,,0,0,0,0,0,100,4.7374,8.9658,,,,,,,,,,,,,,,,,,,,,,,,,,,,,,,,,,,,,,,,,,,,NaN,,,,,,,
43292192,Ezequiel Duran,2B/SS,,TEX,MIN,,3400,0,0,,0,0,0,0,0,100,4.5866,8.624600000000001,,,,,,,,,,,,,,,,,,,,,,,,,,,,,,,,,,,,,,,,,,,,NaN,,,,,,,
43292666,Sean Sullivan,P,,COL,CHC,DTD,4000,0,0,,0,0,0,0,0,100,4.0846,9.8432,,,,,,,,,,,,,,,,,,,,,,,,,,,,,,,,,,,,,,,,,,,,NaN,,,,,,,
43292505,Justin Steele,P,,CHC,COL,IL,8500,0,0,,0,0,0,0,0,100,5.7586,9.8432,,,,,,,,,,,,,,,,,,,,,,,,,,,,,,,,,,,,,,,,,,,,NaN,,,,,,,
43292381,Max Kepler,OF,,ARI,LAA,O,2700,0,0,,0,0,0,0,0,100,4.9164,9.5328,,,,,,,,,,,,,,,,,,,,,,,,,,,,,,,,,,,,,,,,,,,,NaN,,,,,,,
43292668,Jake Cousins,P,,LAD,TB,IL,4000,0,0,,0,0,0,0,0,100,5.3588,9.7982,,,,,,,,,,,,,,,,,,,,,,,,,,,,,,,,,,,,,,,,,,,,NaN,,,,,,,
43292601,George Klassen,P,,LAA,ARI,,6300,0,0,,0,0,0,0,0,100,4.6164,9.5328,,,,,,,,,,,,,,,,,,,,,,,,,,,,,,,,,,,,,,,,,,,,NaN,,,,,,,
43292606,Connor Phillips,P,,CIN,NYM,,6000,0,0,,0,0,0,0,0,100,4.6634,8.966000000000001,,,,,,,,,,,,,,,,,,,,,,,,,,,,,,,,,,,,,,,,,,,,NaN,,,,,,,
43292637,Ty Madden,P,,DET,HOU,,5700,0,0,,0,0,0,0,0,100,4.647,9.278400000000001,,,,,,,,,,,,,,,,,,,,,,,,,,,,,,,,,,,,,,,,,,,,NaN,,,,,,,
43292310,Trey Mancini,1B,,LAA,ARI,,2300,0,0,,0,0,0,0,0,100,4.6164,9.5328,,,,,,,,,,,,,,,,,,,,,,,,,,,,,,,,,,,,,,,,,,,,NaN,,,,,,,
43292593,Brycen Mautz,P,,STL,SD,,6300,0,0,,0,0,0,0,0,100,4.7374,8.9658,,,,,,,,,,,,,,,,,,,,,,,,,,,,,,,,,,,,,,,,,,,,NaN,,,,,,,
43292231,Jonah Heim,C,,ATH,PIT,,3000,0,0,,0,0,0,0,0,100,5.2402,10.499600000000001,,,,,,,,,,,,,,,,,,,,,,,,,,,,,,,,,,,,,,,,,,,,NaN,,,,,,,
43292651,David Davalillo,P,,TEX,MIN,,4000,0,0,,0,0,0,0,0,100,4.5866,8.624600000000001,,,,,,,,,,,,,,,,,,,,,,,,,,,,,,,,,,,,,,,,,,,,NaN,,,,,,,
43292212,Jake Meyers,OF,,HOU,DET,,3200,0,0,,0,0,0,0,0,100,4.6314,9.278400000000001,,,,,,,,,,,,,,,,,,,,,,,,,,,,,,,,,,,,,,,,,,,,NaN,,,,,,,
43292342,Elly De La Cruz,SS,,CIN,NYM,IL,5500,0,0,,0,0,0,0,0,100,4.6634,8.966000000000001,,,,,,,,,,,,,,,,,,,,,,,,,,,,,,,,,,,,,,,,,,,,NaN,,,,,,,
43292399,Gabriel Gonzalez,OF,,MIN,TEX,,2500,0,0,,0,0,0,0,0,100,4.038,8.624600000000001,,,,,,,,,,,,,,,,,,,,,,,,,,,,,,,,,,,,,,,,,,,,NaN,,,,,,,
43292532,Jameson Taillon,P,,CHC,COL,IL,7500,0,0,,0,0,0,0,0,100,5.7586,9.8432,,,,,,,,,,,,,,,,,,,,,,,,,,,,,,,,,,,,,,,,,,,,NaN,,,,,,,
43292811,Joey Gerber,P,,NYM,CIN,,4000,0,0,,0,0,0,0,0,100,4.3026,8.966000000000001,,,,,,,,,,,,,,,,,,,,,,,,,,,,,,,,,,,,,,,,,,,,NaN,,,,,,,
43292620,Rhett Lowder,P,,CIN,NYM,,6000,0,0,,0,0,0,0,0,100,4.6634,8.966000000000001,,,,,,,,,,,,,,,,,,,,,,,,,,,,,,,,,,,,,,,,,,,,NaN,,,,,,,
43292640,Jonah Tong,P,,NYM,CIN,,5600,0,0,,0,0,0,0,0,100,4.3026,8.966000000000001,,,,,,,,,,,,,,,,,,,,,,,,,,,,,,,,,,,,,,,,,,,,NaN,,,,,,,
43292631,Chayce McDermott,P,,LAD,TB,,5800,0,0,,0,0,0,0,0,100,5.3588,9.7982,,,,,,,,,,,,,,,,,,,,,,,,,,,,,,,,,,,,,,,,,,,,NaN,,,,,,,
43292741,Alimber Santa,P,,HOU,DET,,4000,0,0,,0,0,0,0,0,100,4.6314,9.278400000000001,,,,,,,,,,,,,,,,,,,,,,,,,,,,,,,,,,,,,,,,,,,,NaN,,,,,,,
43292761,Ben Joyce,P,,LAA,ARI,IL,4000,0,0,,0,0,0,0,0,100,4.6164,9.5328,,,,,,,,,,,,,,,,,,,,,,,,,,,,,,,,,,,,,,,,,,,,NaN,,,,,,,
43292849,Logan VanWey,P,,HOU,DET,,4000,0,0,,0,0,0,0,0,100,4.6314,9.278400000000001,,,,,,,,,,,,,,,,,,,,,,,,,,,,,,,,,,,,,,,,,,,,NaN,,,,,,,
43292418,Josh Lowe,OF,,LAA,ARI,,2000,0,0,,0,0,0,0,0,100,4.6164,9.5328,,,,,,,,,,,,,,,,,,,,,,,,,,,,,,,,,,,,,,,,,,,,NaN,,,,,,,
43292329,Nick Solak,2B/OF,,SD,STL,,2100,0,0,,0,0,0,0,0,100,4.2284,8.9658,,,,,,,,,,,,,,,,,,,,,,,,,,,,,,,,,,,,,,,,,,,,NaN,,,,,,,
43292757,Hunter Strickland,P,,LAA,ARI,,4000,0,0,,0,0,0,0,0,100,4.6164,9.5328,,,,,,,,,,,,,,,,,,,,,,,,,,,,,,,,,,,,,,,,,,,,NaN,,,,,,,
43292444,Jadher Areinamo,2B/SS,,TB,LAD,,2000,0,0,,0,0,0,0,0,100,4.4394,9.7982,,,,,,,,,,,,,,,,,,,,,,,,,,,,,,,,,,,,,,,,,,,,NaN,,,,,,,
43292271,Tristan Gray,SS,,MIN,TEX,,2700,0,0,,0,0,0,0,0,100,4.038,8.624600000000001,,,,,,,,,,,,,,,,,,,,,,,,,,,,,,,,,,,,,,,,,,,,NaN,,,,,,,
43292827,Cam Booser,P,,TB,LAD,,4000,0,0,,0,0,0,0,0,100,4.4394,9.7982,,,,,,,,,,,,,,,,,,,,,,,,,,,,,,,,,,,,,,,,,,,,NaN,,,,,,,
43292677,Garrett Hawkins,P,,SD,STL,,4000,0,0,,0,0,0,0,0,100,4.2284,8.9658,,,,,,,,,,,,,,,,,,,,,,,,,,,,,,,,,,,,,,,,,,,,NaN,,,,,,,
43292596,Ryan Johnson,P,,LAA,ARI,,6300,0,0,,0,0,0,0,0,100,4.6164,9.5328,,,,,,,,,,,,,,,,,,,,,,,,,,,,,,,,,,,,,,,,,,,,NaN,,,,,,,
43292685,Chris Devenski,P,,PIT,ATH,IL,4000,0,0,,0,0,0,0,0,100,5.2594,10.499600000000001,,,,,,,,,,,,,,,,,,,,,,,,,,,,,,,,,,,,,,,,,,,,NaN,,,,,,,
43292578,Justin Verlander,P,,DET,HOU,IL,6500,0,0,,0,0,0,0,0,100,4.647,9.278400000000001,,,,,,,,,,,,,,,,,,,,,,,,,,,,,,,,,,,,,,,,,,,,NaN,,,,,,,
43292656,RJ Petit,P,,COL,CHC,IL,4000,0,0,,0,0,0,0,0,100,4.0846,9.8432,,,,,,,,,,,,,,,,,,,,,,,,,,,,,,,,,,,,,,,,,,,,NaN,,,,,,,
43292273,Samad Taylor,OF,,SD,STL,,2700,0,0,,0,0,0,0,0,100,4.2284,8.9658,,,,,,,,,,,,,,,,,,,,,,,,,,,,,,,,,,,,,,,,,,,,NaN,,,,,,,
43292319,Collin Price,C,,HOU,DET,,2200,0,0,,0,0,0,0,0,100,4.6314,9.278400000000001,,,,,,,,,,,,,,,,,,,,,,,,,,,,,,,,,,,,,,,,,,,,NaN,,,,,,,
43292799,Tyler Ferguson,P,,CHC,COL,,4000,0,0,,0,0,0,0,0,100,5.7586,9.8432,,,,,,,,,,,,,,,,,,,,,,,,,,,,,,,,,,,,,,,,,,,,NaN,,,,,,,
43292527,Aaron Civale,P,,ATH,PIT,IL,7700,0,0,,0,0,0,0,0,100,5.2402,10.499600000000001,,,,,,,,,,,,,,,,,,,,,,,,,,,,,,,,,,,,,,,,,,,,NaN,,,,,,,
43292426,Leo Balcazar,SS,,CIN,NYM,,2000,0,0,,0,0,0,0,0,100,4.6634,8.966000000000001,,,,,,,,,,,,,,,,,,,,,,,,,,,,,,,,,,,,,,,,,,,,NaN,,,,,,,
43292384,Matt Wallner,OF,,MIN,TEX,,2700,0,0,,0,0,0,0,0,100,4.038,8.624600000000001,,,,,,,,,,,,,,,,,,,,,,,,,,,,,,,,,,,,,,,,,,,,NaN,,,,,,,
43292873,Brady Basso,P,,ATH,PIT,,4000,0,0,,0,0,0,0,0,100,5.2402,10.499600000000001,,,,,,,,,,,,,,,,,,,,,,,,,,,,,,,,,,,,,,,,,,,,NaN,,,,,,,
43292722,Jake Eder,P,,LAD,TB,,4000,0,0,,0,0,0,0,0,100,5.3588,9.7982,,,,,,,,,,,,,,,,,,,,,,,,,,,,,,,,,,,,,,,,,,,,NaN,,,,,,,
43292375,Andrew McCutchen,OF,,TEX,MIN,,2800,0,0,,0,0,0,0,0,100,4.5866,8.624600000000001,,,,,,,,,,,,,,,,,,,,,,,,,,,,,,,,,,,,,,,,,,,,NaN,,,,,,,
43292447,Kris Bryant,3B/OF,,COL,CHC,IL,2000,0,0,,0,0,0,0,0,100,4.0846,9.8432,,,,,,,,,,,,,,,,,,,,,,,,,,,,,,,,,,,,,,,,,,,,NaN,,,,,,,
43292367,Ramon Urias,3B,,STL,SD,IL,3100,0,0,,0,0,0,0,0,100,4.7374,8.9658,,,,,,,,,,,,,,,,,,,,,,,,,,,,,,,,,,,,,,,,,,,,NaN,,,,,,,
43292643,Blas Castano,P,,COL,CHC,,5500,0,0,,0,0,0,0,0,100,4.0846,9.8432,,,,,,,,,,,,,,,,,,,,,,,,,,,,,,,,,,,,,,,,,,,,NaN,,,,,,,
43292557,Andrew Abbott,P,,CIN,NYM,,7000,0,0,,0,0,0,0,0,100,4.6634,8.966000000000001,,,,,,,,,,,,,,,,,,,,,,,,,,,,,,,,,,,,,,,,,,,,NaN,,,,,,,
43292560,JP Sears,P,,SD,STL,,6800,0,0,,0,0,0,0,0,100,4.2284,8.9658,,,,,,,,,,,,,,,,,,,,,,,,,,,,,,,,,,,,,,,,,,,,NaN,,,,,,,
43292327,Michael Helman,OF,,TEX,MIN,IL,2100,0,0,,0,0,0,0,0,100,4.5866,8.624600000000001,,,,,,,,,,,,,,,,,,,,,,,,,,,,,,,,,,,,,,,,,,,,NaN,,,,,,,
43292728,Jordan Weems,P,,LAD,TB,,4000,0,0,,0,0,0,0,0,100,5.3588,9.7982,,,,,,,,,,,,,,,,,,,,,,,,,,,,,,,,,,,,,,,,,,,,NaN,,,,,,,
43292846,Trevor Martin,P,,TB,LAD,,4000,0,0,,0,0,0,0,0,100,4.4394,9.7982,,,,,,,,,,,,,,,,,,,,,,,,,,,,,,,,,,,,,,,,,,,,NaN,,,,,,,
43292456,Darell Hernaiz,SS,,ATH,PIT,,2000,0,0,,0,0,0,0,0,100,5.2402,10.499600000000001,,,,,,,,,,,,,,,,,,,,,,,,,,,,,,,,,,,,,,,,,,,,NaN,,,,,,,
43292510,Nathan Eovaldi,P,,TEX,MIN,,8300,0,0,,0,0,0,0,0,100,4.5866,8.624600000000001,,,,,,,,,,,,,,,,,,,,,,,,,,,,,,,,,,,,,,,,,,,,NaN,,,,,,,
43292275,Brett Sullivan,C,,COL,CHC,,2600,0,0,,0,0,0,0,0,100,4.0846,9.8432,,,,,,,,,,,,,,,,,,,,,,,,,,,,,,,,,,,,,,,,,,,,NaN,,,,,,,
43292608,Chase Petty,P,,CIN,NYM,,6000,0,0,,0,0,0,0,0,100,4.6634,8.966000000000001,,,,,,,,,,,,,,,,,,,,,,,,,,,,,,,,,,,,,,,,,,,,NaN,,,,,,,
43292506,Edward Cabrera,P,,CHC,COL,,8500,0,0,,0,0,0,0,0,100,5.7586,9.8432,,,,,,,,,,,,,,,,,,,,,,,,,,,,,,,,,,,,,,,,,,,,NaN,,,,,,,
43292815,Bryan Hoeing,P,,SD,STL,IL,4000,0,0,,0,0,0,0,0,100,4.2284,8.9658,,,,,,,,,,,,,,,,,,,,,,,,,,,,,,,,,,,,,,,,,,,,NaN,,,,,,,
43292781,Kyle Hurt,P,,LAD,TB,,4000,0,0,,0,0,0,0,0,100,5.3588,9.7982,,,,,,,,,,,,,,,,,,,,,,,,,,,,,,,,,,,,,,,,,,,,NaN,,,,,,,
43292792,Yuki Matsui,P,,SD,STL,,4000,0,0,,0,0,0,0,0,100,4.2284,8.9658,,,,,,,,,,,,,,,,,,,,,,,,,,,,,,,,,,,,,,,,,,,,NaN,,,,,,,
43292535,Jack Flaherty,P,,DET,HOU,IL,7500,0,0,,0,0,0,0,0,100,4.647,9.278400000000001,,,,,,,,,,,,,,,,,,,,,,,,,,,,,,,,,,,,,,,,,,,,NaN,,,,,,,
43292565,Kumar Rocker,P,,TEX,MIN,,6800,0,0,,0,0,0,0,0,100,4.5866,8.624600000000001,,,,,,,,,,,,,,,,,,,,,,,,,,,,,,,,,,,,,,,,,,,,NaN,,,,,,,
43292260,P.J. Higgins,C,,CIN,NYM,,2800,0,0,,0,0,0,0,0,100,4.6634,8.966000000000001,,,,,,,,,,,,,,,,,,,,,,,,,,,,,,,,,,,,,,,,,,,,NaN,,,,,,,
43292358,Yainer Diaz,C,,HOU,DET,IL,3300,0,0,,0,0,0,0,0,100,4.6314,9.278400000000001,,,,,,,,,,,,,,,,,,,,,,,,,,,,,,,,,,,,,,,,,,,,NaN,,,,,,,
43292744,Ben Casparius,P,,LAD,TB,IL,4000,0,0,,0,0,0,0,0,100,5.3588,9.7982,,,,,,,,,,,,,,,,,,,,,,,,,,,,,,,,,,,,,,,,,,,,NaN,,,,,,,
43292810,Cionel Perez,P,,NYM,CIN,,4000,0,0,,0,0,0,0,0,100,4.3026,8.966000000000001,,,,,,,,,,,,,,,,,,,,,,,,,,,,,,,,,,,,,,,,,,,,NaN,,,,,,,
43292455,Nick Castellanos,OF,,SD,STL,,2000,0,0,,0,0,0,0,0,100,4.2284,8.9658,,,,,,,,,,,,,,,,,,,,,,,,,,,,,,,,,,,,,,,,,,,,NaN,,,,,,,
43292501,Michael King,P,,SD,STL,,8800,0,0,,0,0,0,0,0,100,4.2284,8.9658,,,,,,,,,,,,,,,,,,,,,,,,,,,,,,,,,,,,,,,,,,,,NaN,,,,,,,
43292383,Danny Jansen,C,,TEX,MIN,IL,2700,0,0,,0,0,0,0,0,100,4.5866,8.624600000000001,,,,,,,,,,,,,,,,,,,,,,,,,,,,,,,,,,,,,,,,,,,,NaN,,,,,,,
43292727,Philip Abner,P,,ARI,LAA,,4000,0,0,,0,0,0,0,0,100,4.9164,9.5328,,,,,,,,,,,,,,,,,,,,,,,,,,,,,,,,,,,,,,,,,,,,NaN,,,,,,,
43292704,Robby Ahlstrom,P,,TEX,MIN,,4000,0,0,,0,0,0,0,0,100,4.5866,8.624600000000001,,,,,,,,,,,,,,,,,,,,,,,,,,,,,,,,,,,,,,,,,,,,NaN,,,,,,,
43292703,Zach McCambley,P,,CIN,NYM,,4000,0,0,,0,0,0,0,0,100,4.6634,8.966000000000001,,,,,,,,,,,,,,,,,,,,,,,,,,,,,,,,,,,,,,,,,,,,NaN,,,,,,,
43292483,Tyler Glasnow,P,,LAD,TB,IL,10800,0,0,,0,0,0,0,0,100,5.3588,9.7982,,,,,,,,,,,,,,,,,,,,,,,,,,,,,,,,,,,,,,,,,,,,NaN,,,,,,,
43292395,Hyeseong Kim,2B,,LAD,TB,,2500,0,0,,0,0,0,0,0,100,5.3588,9.7982,,,,,,,,,,,,,,,,,,,,,,,,,,,,,,,,,,,,,,,,,,,,NaN,,,,,,,
43292800,Chris Roycroft,P,,STL,SD,,4000,0,0,,0,0,0,0,0,100,4.7374,8.9658,,,,,,,,,,,,,,,,,,,,,,,,,,,,,,,,,,,,,,,,,,,,NaN,,,,,,,
43292567,Jeffrey Springs,P,,ATH,PIT,,6700,0,0,,0,0,0,0,0,100,5.2402,10.499600000000001,,,,,,,,,,,,,,,,,,,,,,,,,,,,,,,,,,,,,,,,,,,,NaN,,,,,,,
43292491,Braxton Ashcraft,P,,PIT,ATH,,9000,0,0,,0,0,0,0,0,100,5.2594,10.499600000000001,,,,,,,,,,,,,,,,,,,,,,,,,,,,,,,,,,,,,,,,,,,,NaN,,,,,,,
43292595,Kyle Leahy,P,,STL,SD,,6300,0,0,,0,0,0,0,0,100,4.7374,8.9658,,,,,,,,,,,,,,,,,,,,,,,,,,,,,,,,,,,,,,,,,,,,NaN,,,,,,,
43292820,Jonathan Hernandez,P,,LAD,TB,,4000,0,0,,0,0,0,0,0,100,5.3588,9.7982,,,,,,,,,,,,,,,,,,,,,,,,,,,,,,,,,,,,,,,,,,,,NaN,,,,,,,
43292470,Carson Williams,2B/SS,,TB,LAD,,2000,0,0,,0,0,0,0,0,100,4.4394,9.7982,,,,,,,,,,,,,,,,,,,,,,,,,,,,,,,,,,,,,,,,,,,,NaN,,,,,,,
43292602,Jack Kochanowicz,P,,LAA,ARI,IL,6300,0,0,,0,0,0,0,0,100,4.6164,9.5328,,,,,,,,,,,,,,,,,,,,,,,,,,,,,,,,,,,,,,,,,,,,NaN,,,,,,,
43292434,Emmanuel Rodriguez,OF,,MIN,TEX,IL,2000,0,0,,0,0,0,0,0,100,4.038,8.624600000000001,,,,,,,,,,,,,,,,,,,,,,,,,,,,,,,,,,,,,,,,,,,,NaN,,,,,,,
43292267,Miguel Amaya,C,,CHC,COL,,2700,0,0,,0,0,0,0,0,100,5.7586,9.8432,,,,,,,,,,,,,,,,,,,,,,,,,,,,,,,,,,,,,,,,,,,,NaN,,,,,,,
43292548,Nick Lodolo,P,,CIN,NYM,,7000,0,0,,0,0,0,0,0,100,4.6634,8.966000000000001,,,,,,,,,,,,,,,,,,,,,,,,,,,,,,,,,,,,,,,,,,,,NaN,,,,,,,
43292736,Reed Garrett,P,,NYM,CIN,IL,4000,0,0,,0,0,0,0,0,100,4.3026,8.966000000000001,,,,,,,,,,,,,,,,,,,,,,,,,,,,,,,,,,,,,,,,,,,,NaN,,,,,,,
43292817,Pierce Johnson,P,,CIN,NYM,IL,4000,0,0,,0,0,0,0,0,100,4.6634,8.966000000000001,,,,,,,,,,,,,,,,,,,,,,,,,,,,,,,,,,,,,,,,,,,,NaN,,,,,,,
43292536,Keider Montero,P,,DET,HOU,,7500,0,0,,0,0,0,0,0,100,4.647,9.278400000000001,,,,,,,,,,,,,,,,,,,,,,,,,,,,,,,,,,,,,,,,,,,,NaN,,,,,,,
43292807,Mason Miller,P,,SD,STL,O,4000,0,0,,0,0,0,0,0,100,4.2284,8.9658,1.53405,0,0,2.75,4.3,8.255,14.1005,2.71844,0,0,5,7,13,22,0.274156,0,0,0.2,2,4.2,8.407,3.90482,0,0,7,10,17,26,3.40046,5.11812,2.49663,6.42733,0.25828,0.06368,0.01132,0.04284,0,0,0.19548,0,0.54992,0.28424,2.0318,0.37612,0.18104,0,0.03268,0,0,0,8.19116
43292804,Jose Fermin,P,,LAA,ARI,,4000,0,0,,0,0,0,0,0,100,4.6164,9.5328,,,,,,,,,,,,,,,,,,,,,,,,,,,,,,,,,,,,,,,,,,,,NaN,,,,,,,
43292795,Justin Martinez,P,,ARI,LAA,IL,4000,0,0,,0,0,0,0,0,100,4.9164,9.5328,,,,,,,,,,,,,,,,,,,,,,,,,,,,,,,,,,,,,,,,,,,,NaN,,,,,,,
43292756,Gavin Hollowell,P,,CHC,COL,,4000,0,0,,0,0,0,0,0,100,5.7586,9.8432,,,,,,,,,,,,,,,,,,,,,,,,,,,,,,,,,,,,,,,,,,,,NaN,,,,,,,
43292431,Hector Rodriguez,OF,,CIN,NYM,,2000,0,0,,0,0,0,0,0,100,4.6634,8.966000000000001,,,,,,,,,,,,,,,,,,,,,,,,,,,,,,,,,,,,,,,,,,,,NaN,,,,,,,
43292332,Hao-Yu Lee,2B/3B,,DET,HOU,,2000,0,0,,0,0,0,0,0,100,4.647,9.278400000000001,,,,,,,,,,,,,,,,,,,,,,,,,,,,,,,,,,,,,,,,,,,,NaN,,,,,,,
43292763,Victor Vodnik,P,,COL,CHC,,4000,0,0,,0,0,0,0,0,100,4.0846,9.8432,,,,,,,,,,,,,,,,,,,,,,,,,,,,,,,,,,,,,,,,,,,,NaN,,,,,,,
43292615,Jose Urquidy,P,,PIT,ATH,,6000,0,0,,0,0,0,0,0,100,5.2594,10.499600000000001,,,,,,,,,,,,,,,,,,,,,,,,,,,,,,,,,,,,,,,,,,,,NaN,,,,,,,
43292681,Steven Wilson,P,,TB,LAD,IL,4000,0,0,,0,0,0,0,0,100,4.4394,9.7982,,,,,,,,,,,,,,,,,,,,,,,,,,,,,,,,,,,,,,,,,,,,NaN,,,,,,,
43292715,Doug Nikhazy,P,,CHC,COL,,4000,0,0,,0,0,0,0,0,100,5.7586,9.8432,,,,,,,,,,,,,,,,,,,,,,,,,,,,,,,,,,,,,,,,,,,,NaN,,,,,,,
43292205,Marcell Ozuna,OF,,PIT,ATH,,3300,0,0,,0,0,0,0,0,100,5.2594,10.499600000000001,,,,,,,,,,,,,,,,,,,,,,,,,,,,,,,,,,,,,,,,,,,,NaN,,,,,,,
43292413,Rafael Flores Jr.,C/1B,,PIT,ATH,,2000,0,0,,0,0,0,0,0,100,5.2594,10.499600000000001,,,,,,,,,,,,,,,,,,,,,,,,,,,,,,,,,,,,,,,,,,,,NaN,,,,,,,
43292586,Ryan Feltner,P,,COL,CHC,,6500,0,0,,0,0,0,0,0,100,4.0846,9.8432,,,,,,,,,,,,,,,,,,,,,,,,,,,,,,,,,,,,,,,,,,,,NaN,,,,,,,
43292783,Drey Jameson,P,,ARI,LAA,,4000,0,0,,0,0,0,0,0,100,4.9164,9.5328,,,,,,,,,,,,,,,,,,,,,,,,,,,,,,,,,,,,,,,,,,,,NaN,,,,,,,
43292369,Jose Fernandez,1B/3B,,ARI,LAA,,3100,0,0,,0,0,0,0,0,100,4.9164,9.5328,,,,,,,,,,,,,,,,,,,,,,,,,,,,,,,,,,,,,,,,,,,,NaN,,,,,,,
43292600,Caden Dana,P,,LAA,ARI,,6300,0,0,,0,0,0,0,0,100,4.6164,9.5328,,,,,,,,,,,,,,,,,,,,,,,,,,,,,,,,,,,,,,,,,,,,NaN,,,,,,,
43292503,Michael Soroka,P,,ARI,LAA,,8500,0,0,,0,0,0,0,0,100,4.9164,9.5328,,,,,,,,,,,,,,,,,,,,,,,,,,,,,,,,,,,,,,,,,,,,NaN,,,,,,,
43292387,Nolan Gorman,3B,,STL,SD,,2600,0,0,,0,0,0,0,0,100,4.7374,8.9658,,,,,,,,,,,,,,,,,,,,,,,,,,,,,,,,,,,,,,,,,,,,NaN,,,,,,,
43292624,Hayden Wesneski,P,,HOU,DET,IL,6000,0,0,,0,0,0,0,0,100,4.6314,9.278400000000001,,,,,,,,,,,,,,,,,,,,,,,,,,,,,,,,,,,,,,,,,,,,NaN,,,,,,,
43292406,Zach Cole,OF,,HOU,DET,,2300,0,0,,0,0,0,0,0,100,4.6314,9.278400000000001,,,,,,,,,,,,,,,,,,,,,,,,,,,,,,,,,,,,,,,,,,,,NaN,,,,,,,
43292742,Peyton Gray,P,,TEX,MIN,,4000,0,0,,0,0,0,0,0,100,4.5866,8.624600000000001,,,,,,,,,,,,,,,,,,,,,,,,,,,,,,,,,,,,,,,,,,,,NaN,,,,,,,
43292802,Edwin Diaz,P,,LAD,TB,IL,4000,0,0,,0,0,0,0,0,100,5.3588,9.7982,,,,,,,,,,,,,,,,,,,,,,,,,,,,,,,,,,,,,,,,,,,,NaN,,,,,,,
43292251,Kyle Higashioka,C,,TEX,MIN,,2900,0,0,,0,0,0,0,0,100,4.5866,8.624600000000001,,,,,,,,,,,,,,,,,,,,,,,,,,,,,,,,,,,,,,,,,,,,NaN,,,,,,,
43292507,Matthew Boyd,P,,CHC,COL,IL,8500,0,0,,0,0,0,0,0,100,5.7586,9.8432,,,,,,,,,,,,,,,,,,,,,,,,,,,,,,,,,,,,,,,,,,,,NaN,,,,,,,
43292765,Jimmy Herget,P,,COL,CHC,IL,4000,0,0,,0,0,0,0,0,100,4.0846,9.8432,,,,,,,,,,,,,,,,,,,,,,,,,,,,,,,,,,,,,,,,,,,,NaN,,,,,,,
43292498,Clay Holmes,P,,NYM,CIN,IL,8800,0,0,,0,0,0,0,0,100,4.3026,8.966000000000001,,,,,,,,,,,,,,,,,,,,,,,,,,,,,,,,,,,,,,,,,,,,NaN,,,,,,,
43292130,Corey Seager,SS,,TEX,MIN,IL,4600,0,0,,0,0,0,0,0,100,4.5866,8.624600000000001,,,,,,,,,,,,,,,,,,,,,,,,,,,,,,,,,,,,,,,,,,,,NaN,,,,,,,
43292726,Charlie Barnes,P,,LAD,TB,,4000,0,0,,0,0,0,0,0,100,5.3588,9.7982,,,,,,,,,,,,,,,,,,,,,,,,,,,,,,,,,,,,,,,,,,,,NaN,,,,,,,
43292574,Jacob Lopez,P,,ATH,PIT,,6700,0,0,,0,0,0,0,0,100,5.2402,10.499600000000001,,,,,,,,,,,,,,,,,,,,,,,,,,,,,,,,,,,,,,,,,,,,NaN,,,,,,,
43292612,Mason Englert,P,,TB,LAD,,6000,0,0,,0,0,0,0,0,100,4.4394,9.7982,,,,,,,,,,,,,,,,,,,,,,,,,,,,,,,,,,,,,,,,,,,,NaN,,,,,,,
43292554,Mitch Keller,P,,PIT,ATH,,7000,0,0,,0,0,0,0,0,100,5.2594,10.499600000000001,,,,,,,,,,,,,,,,,,,,,,,,,,,,,,,,,,,,,,,,,,,,NaN,,,,,,,
43292261,Victor Caratini,C,,MIN,TEX,,2800,0,0,,0,0,0,0,0,100,4.038,8.624600000000001,,,,,,,,,,,,,,,,,,,,,,,,,,,,,,,,,,,,,,,,,,,,NaN,,,,,,,
43292256,Joey Loperfido,OF,,HOU,DET,,2800,0,0,,0,0,0,0,0,100,4.6314,9.278400000000001,,,,,,,,,,,,,,,,,,,,,,,,,,,,,,,,,,,,,,,,,,,,NaN,,,,,,,
43292599,Sam Aldegheri,P,,LAA,ARI,,6300,0,0,,0,0,0,0,0,100,4.6164,9.5328,,,,,,,,,,,,,,,,,,,,,,,,,,,,,,,,,,,,,,,,,,,,NaN,,,,,,,
43292361,Blaine Crim,1B,,TEX,MIN,,3200,0,0,,0,0,0,0,0,100,4.5866,8.624600000000001,,,,,,,,,,,,,,,,,,,,,,,,,,,,,,,,,,,,,,,,,,,,NaN,,,,,,,
43292594,Michael McGreevy,P,,STL,SD,,6300,0,0,,0,0,0,0,0,100,4.7374,8.9658,,,,,,,,,,,,,,,,,,,,,,,,,,,,,,,,,,,,,,,,,,,,NaN,,,,,,,
43292480,Kevin Alcantara,OF,,CHC,COL,,2000,0,0,,0,0,0,0,0,100,5.7586,9.8432,,,,,,,,,,,,,,,,,,,,,,,,,,,,,,,,,,,,,,,,,,,,NaN,,,,,,,
43292364,Shay Whitcomb,3B/SS,,HOU,DET,,3200,0,0,,0,0,0,0,0,100,4.6314,9.278400000000001,,,,,,,,,,,,,,,,,,,,,,,,,,,,,,,,,,,,,,,,,,,,NaN,,,,,,,
43292659,Chen Zhong-Ao Zhuang,P,,ATH,PIT,,4000,0,0,,0,0,0,0,0,100,5.2402,10.499600000000001,,,,,,,,,,,,,,,,,,,,,,,,,,,,,,,,,,,,,,,,,,,,NaN,,,,,,,
43292635,German Marquez,P,,SD,STL,IL,5800,0,0,,0,0,0,0,0,100,4.2284,8.9658,,,,,,,,,,,,,,,,,,,,,,,,,,,,,,,,,,,,,,,,,,,,NaN,,,,,,,
43292582,Brandon Pfaadt,P,,ARI,LAA,,6500,0,0,,0,0,0,0,0,100,4.9164,9.5328,,,,,,,,,,,,,,,,,,,,,,,,,,,,,,,,,,,,,,,,,,,,NaN,,,,,,,
43292675,Jacob Waguespack,P,,DET,HOU,,4000,0,0,,0,0,0,0,0,100,4.647,9.278400000000001,,,,,,,,,,,,,,,,,,,,,,,,,,,,,,,,,,,,,,,,,,,,NaN,,,,,,,
43292638,Sawyer Gipson-Long,P,,DET,HOU,,5700,0,0,,0,0,0,0,0,100,4.647,9.278400000000001,,,,,,,,,,,,,,,,,,,,,,,,,,,,,,,,,,,,,,,,,,,,NaN,,,,,,,
43292466,Zach Dezenzo,OF,,HOU,DET,,2000,0,0,,0,0,0,0,0,100,4.6314,9.278400000000001,,,,,,,,,,,,,,,,,,,,,,,,,,,,,,,,,,,,,,,,,,,,NaN,,,,,,,
43292537,Kodai Senga,P,,NYM,CIN,IL,7300,0,0,,0,0,0,0,0,100,4.3026,8.966000000000001,,,,,,,,,,,,,,,,,,,,,,,,,,,,,,,,,,,,,,,,,,,,NaN,,,,,,,
43292841,Luis Curvelo,P,,TEX,MIN,,4000,0,0,,0,0,0,0,0,100,4.5866,8.624600000000001,,,,,,,,,,,,,,,,,,,,,,,,,,,,,,,,,,,,,,,,,,,,NaN,,,,,,,
43292660,Jake Miller,P,,DET,HOU,IL,4000,0,0,,0,0,0,0,0,100,4.647,9.278400000000001,,,,,,,,,,,,,,,,,,,,,,,,,,,,,,,,,,,,,,,,,,,,NaN,,,,,,,
43292197,Dane Myers,OF,,CIN,NYM,,3400,0,0,,0,0,0,0,0,100,4.6634,8.966000000000001,,,,,,,,,,,,,,,,,,,,,,,,,,,,,,,,,,,,,,,,,,,,NaN,,,,,,,
43292778,Samy Natera Jr.,P,,LAA,ARI,,4000,0,0,,0,0,0,0,0,100,4.6164,9.5328,,,,,,,,,,,,,,,,,,,,,,,,,,,,,,,,,,,,,,,,,,,,NaN,,,,,,,
43292427,James Triantos,2B,,CHC,COL,,2000,0,0,,0,0,0,0,0,100,5.7586,9.8432,,,,,,,,,,,,,,,,,,,,,,,,,,,,,,,,,,,,,,,,,,,,NaN,,,,,,,
43292454,Jake Cronenworth,2B,,SD,STL,IL,2000,0,0,,0,0,0,0,0,100,4.2284,8.9658,,,,,,,,,,,,,,,,,,,,,,,,,,,,,,,,,,,,,,,,,,,,NaN,,,,,,,
43292393,Nick Allen,2B/3B,,HOU,DET,IL,2500,0,0,,0,0,0,0,0,100,4.6314,9.278400000000001,,,,,,,,,,,,,,,,,,,,,,,,,,,,,,,,,,,,,,,,,,,,NaN,,,,,,,
43292684,Chase Solesky,P,,TB,LAD,,4000,0,0,,0,0,0,0,0,100,4.4394,9.7982,,,,,,,,,,,,,,,,,,,,,,,,,,,,,,,,,,,,,,,,,,,,NaN,,,,,,,
43292451,Kyren Paris,OF,,LAA,ARI,,2000,0,0,,0,0,0,0,0,100,4.6164,9.5328,,,,,,,,,,,,,,,,,,,,,,,,,,,,,,,,,,,,,,,,,,,,NaN,,,,,,,
43292465,Denzel Clarke,OF,,ATH,PIT,IL,2000,0,0,,0,0,0,0,0,100,5.2402,10.499600000000001,,,,,,,,,,,,,,,,,,,,,,,,,,,,,,,,,,,,,,,,,,,,NaN,,,,,,,
43292604,Jose Franco,P,,CIN,NYM,,6000,0,0,,0,0,0,0,0,100,4.6634,8.966000000000001,,,,,,,,,,,,,,,,,,,,,,,,,,,,,,,,,,,,,,,,,,,,NaN,,,,,,,
43292410,Josh Smith,2B,,TEX,MIN,,2000,0,0,,0,0,0,0,0,100,4.5866,8.624600000000001,,,,,,,,,,,,,,,,,,,,,,,,,,,,,,,,,,,,,,,,,,,,NaN,,,,,,,
43292747,Evan Phillips,P,,LAD,TB,IL,4000,0,0,,0,0,0,0,0,100,5.3588,9.7982,,,,,,,,,,,,,,,,,,,,,,,,,,,,,,,,,,,,,,,,,,,,NaN,,,,,,,
43292378,Dairon Blanco,OF,,TEX,MIN,,2800,0,0,,0,0,0,0,0,100,4.5866,8.624600000000001,,,,,,,,,,,,,,,,,,,,,,,,,,,,,,,,,,,,,,,,,,,,NaN,,,,,,,
43292526,Luis Severino,P,,ATH,PIT,IL,7700,0,0,,0,0,0,0,0,100,5.2402,10.499600000000001,,,,,,,,,,,,,,,,,,,,,,,,,,,,,,,,,,,,,,,,,,,,NaN,,,,,,,
43292238,Wenceel Perez,OF,,DET,HOU,,3000,0,0,,0,0,0,0,0,100,4.647,9.278400000000001,,,,,,,,,,,,,,,,,,,,,,,,,,,,,,,,,,,,,,,,,,,,NaN,,,,,,,